case,arm,attempt,success,steps,policy_queries,teacher_calls,tokens,input_tokens,output_tokens,wall_seconds,policy_seconds,teacher_seconds,instruction
PackIdenticalLunches_seed2,native,1,False,3900,244,0,0,0,0,320.7858854639344,46.78349868953228,0,"Place one corn and one chicken drumstick in each tupperware on the nearby counter, to pack two identical lunches."
PackIdenticalLunches_seed2,astra,1,False,3900,244,16,327713,324665,3048,588.9306302322075,55.744532271754,259.9257698133588,"Place one corn and one chicken drumstick in each tupperware on the nearby counter, to pack two identical lunches."
PackIdenticalLunches_seed2,native,2,True,2291,144,0,0,0,0,180.04520586133003,27.669764957856387,0,"Place one corn and one chicken drumstick in each tupperware on the nearby counter, to pack two identical lunches."
PackIdenticalLunches_seed2,astra,2,True,2144,134,15,338761,336181,2580,395.8194533358328,26.748158083297312,219.99174292525277,"Place one corn and one chicken drumstick in each tupperware on the nearby counter, to pack two identical lunches."
PackIdenticalLunches_seed1107,native,1,False,3900,244,0,0,0,0,237.00790275912732,46.66525460872799,0,"Place one lime and one chicken drumstick in each tupperware on the nearby counter, to pack two identical lunches."
PackIdenticalLunches_seed1107,astra,1,False,3900,244,16,329526,326840,2686,500.784790685866,52.08534808969125,256.5291460035369,"Place one lime and one chicken drumstick in each tupperware on the nearby counter, to pack two identical lunches."
PackIdenticalLunches_seed1107,native,2,False,3900,244,0,0,0,0,233.62589818798006,47.87207481497899,0,"Place one lime and one chicken drumstick in each tupperware on the nearby counter, to pack two identical lunches."
PackIdenticalLunches_seed1107,astra,2,False,3900,244,16,361682,358669,3013,531.2876824638806,63.05153568275273,246.48588592931628,"Place one lime and one chicken drumstick in each tupperware on the nearby counter, to pack two identical lunches."
PackIdenticalLunches_seed1108,native,1,False,3900,244,0,0,0,0,320.10001027723774,47.22307333629578,0,"Place one garlic and one chicken drumstick in each tupperware on the nearby counter, to pack two identical lunches."
PackIdenticalLunches_seed1108,astra,1,False,3900,244,16,330921,328171,2750,601.5621990230866,52.639156660065055,264.1303249639459,"Place one garlic and one chicken drumstick in each tupperware on the nearby counter, to pack two identical lunches."
PackIdenticalLunches_seed1108,native,2,True,2784,174,0,0,0,0,228.06013746885583,36.12567957956344,0,"Place one garlic and one chicken drumstick in each tupperware on the nearby counter, to pack two identical lunches."
PackIdenticalLunches_seed1108,astra,2,True,3345,210,16,363290,360343,2947,516.0408286973834,46.612456367351115,235.89738377835602,"Place one garlic and one chicken drumstick in each tupperware on the nearby counter, to pack two identical lunches."
PackIdenticalLunches_seed1110,native,1,True,2091,131,0,0,0,0,130.77400205889717,25.13205281132832,0,"Place one tomato and one chicken drumstick in each tupperware on the nearby counter, to pack two identical lunches."
PackIdenticalLunches_seed1110,astra,1,False,3900,244,16,329516,326758,2758,514.7529784291983,55.29915637895465,243.1728114867583,"Place one tomato and one chicken drumstick in each tupperware on the nearby counter, to pack two identical lunches."
PackIdenticalLunches_seed1110,astra,2,False,3900,244,16,359896,356776,3120,520.2437517871149,52.97836643829942,262.1813599797897,"Place one tomato and one chicken drumstick in each tupperware on the nearby counter, to pack two identical lunches."
PackIdenticalLunches_seed1111,native,1,True,2571,161,0,0,0,0,161.26628503017128,30.803009495139122,0,"Place one sweet potato and one steak in each tupperware on the nearby counter, to pack two identical lunches."
PackIdenticalLunches_seed1111,astra,1,True,2911,182,15,308606,306175,2431,475.74269200023264,36.7004494741559,284.52213439764455,"Place one sweet potato and one steak in each tupperware on the nearby counter, to pack two identical lunches."
ArrangeBreadBasket_seed1711,native,1,False,4350,272,0,0,0,0,357.08838394097984,52.803797596134245,0,"Open the cabinet, pick up the bread from the cabinet and place it in the basket. Then move the basket to the dining counter."
ArrangeBreadBasket_seed1711,astra,1,False,4350,272,16,331709,328657,3052,738.3998699951917,59.36803815793246,364.09991433052346,"Open the cabinet, pick up the bread from the cabinet and place it in the basket. Then move the basket to the dining counter."
ArrangeBreadBasket_seed1711,native,2,False,4350,272,0,0,0,0,358.2102049142122,53.33567826915532,0,"Open the cabinet, pick up the bread from the cabinet and place it in the basket. Then move the basket to the dining counter."
ArrangeBreadBasket_seed1711,astra,2,False,4350,272,16,366072,362711,3361,861.4519905629568,63.71195328840986,484.80918718734756,"Open the cabinet, pick up the bread from the cabinet and place it in the basket. Then move the basket to the dining counter."
