episode_hash,task,task_description,lab,embodiment,num_frames,objects,rig_name,zarr_mp4_path,zarr_processed_path,canonical_task,split
2026-04-19-06-36-25-464137,fold_black_t-shirt,Fold a black t-shirt on an ironing board into a compact folded bundle.,microagi,human_bimanual,308.0,,,s3://rldb/processed_v3/microagi/2026-04-19-06-36-25-464137.mp4,s3://rldb/processed_v3/microagi/2026-04-19-06-36-25-464137.zarr,fold_clothes,train
2026-04-20-08-53-35-118759,fold_black_t-shirt,Fold a black t-shirt on a flat surface into a compact rectangular shape.,microagi,human_bimanual,750.0,,,s3://rldb/processed_v3/microagi/2026-04-20-08-53-35-118759.mp4,s3://rldb/processed_v3/microagi/2026-04-20-08-53-35-118759.zarr,fold_clothes,train
2026-05-25-06-44-39-054451,fold_black_t-shirt,"Fold a black t-shirt on a table by smoothing, lifting, and pressing the fabric into a neat rectangular fold.",microagi,human_bimanual,903.0,,,s3://rldb/processed_v3/microagi/2026-05-25-06-44-39-054451.mp4,s3://rldb/processed_v3/microagi/2026-05-25-06-44-39-054451.zarr,fold_clothes,train
2026-06-05-10-05-33-518344,fold_black_t-shirt,Fold a black garment on a table into a compact folded shape.,microagi,human_bimanual,340.0,,,s3://rldb/processed_v3/microagi/2026-06-05-10-05-33-518344.mp4,s3://rldb/processed_v3/microagi/2026-06-05-10-05-33-518344.zarr,fold_clothes,train
2026-04-02-08-27-46-365278,fold_blue_jeans,"Fold a pair of blue jeans in half lengthwise on a flat surface, pressing the fold flat with both hands.",microagi,human_bimanual,600.0,,,s3://rldb/processed_v3/microagi/2026-04-02-08-27-46-365278.mp4,s3://rldb/processed_v3/microagi/2026-04-02-08-27-46-365278.zarr,fold_clothes,train
2026-04-02-15-28-35-589110,fold_blue_jeans,Fold a pair of blue jeans on a flat surface by aligning and bringing the leg and waistband sections together into a folded shape.,microagi,human_bimanual,507.0,,,s3://rldb/processed_v3/microagi/2026-04-02-15-28-35-589110.mp4,s3://rldb/processed_v3/microagi/2026-04-02-15-28-35-589110.zarr,fold_clothes,train
2026-04-04-09-17-37-706737,fold_blue_jeans,Fold a pair of blue jeans flat on a table by aligning the legs and folding them over the waistband.,microagi,human_bimanual,277.0,,,s3://rldb/processed_v3/microagi/2026-04-04-09-17-37-706737.mp4,s3://rldb/processed_v3/microagi/2026-04-04-09-17-37-706737.zarr,fold_clothes,train
2026-04-05-07-52-56-999647,fold_blue_jeans,Fold blue jeans by pressing and smoothing the folded fabric flat on the surface.,microagi,human_bimanual,487.0,,,s3://rldb/processed_v3/microagi/2026-04-05-07-52-56-999647.mp4,s3://rldb/processed_v3/microagi/2026-04-05-07-52-56-999647.zarr,fold_clothes,train
2026-04-18-14-35-01-310294,fold_clothes,Fold a gray shirt by holding it up by the shoulders and folding it into a compact shape.,microagi,human_bimanual,199.0,,,s3://rldb/processed_v3/microagi/2026-04-18-14-35-01-310294.mp4,s3://rldb/processed_v3/microagi/2026-04-18-14-35-01-310294.zarr,fold_clothes,train
2026-05-14-08-45-59-769080,fold_clothes,Fold a dark garment and place the folded item on the bed.,microagi,human_bimanual,410.0,,,s3://rldb/processed_v3/microagi/2026-05-14-08-45-59-769080.mp4,s3://rldb/processed_v3/microagi/2026-05-14-08-45-59-769080.zarr,fold_clothes,train
2026-06-13-01-56-05-579546,fold_clothes,"Fold a dark piece of clothing on a couch using both hands, resulting in a neatly folded garment.",microagi,human_bimanual,336.0,,,s3://rldb/processed_v3/microagi/2026-06-13-01-56-05-579546.mp4,s3://rldb/processed_v3/microagi/2026-06-13-01-56-05-579546.zarr,fold_clothes,train
2026-06-19-05-11-08-295468,fold_clothes,"Fold a red shirt flat on a white surface, smoothing and arranging the fabric into a compact folded shape.",microagi,human_bimanual,377.0,,,s3://rldb/processed_v3/microagi/2026-06-19-05-11-08-295468.mp4,s3://rldb/processed_v3/microagi/2026-06-19-05-11-08-295468.zarr,fold_clothes,train
2026-04-17-06-44-29-030059,fold_laundry,Fold a pair of black pants in half lengthwise and then fold again into a compact rectangle on a bed.,microagi,human_bimanual,199.0,,,s3://rldb/processed_v3/microagi/2026-04-17-06-44-29-030059.mp4,s3://rldb/processed_v3/microagi/2026-04-17-06-44-29-030059.zarr,fold_clothes,train
2026-05-13-17-59-52-009489,fold_laundry,"Fold a pair of gray pants in half on a wooden desk, smoothing the fabric and aligning the edges.",microagi,human_bimanual,235.0,,,s3://rldb/processed_v3/microagi/2026-05-13-17-59-52-009489.mp4,s3://rldb/processed_v3/microagi/2026-05-13-17-59-52-009489.zarr,fold_clothes,train
2026-06-15-10-29-11-525196,fold_laundry,Pick up a gray garment from the surface and fold it into a compact shape.,microagi,human_bimanual,221.0,,,s3://rldb/processed_v3/microagi/2026-06-15-10-29-11-525196.mp4,s3://rldb/processed_v3/microagi/2026-06-15-10-29-11-525196.zarr,fold_clothes,train
2026-06-21-09-51-27-158299,fold_laundry,Fold an olive-green polo shirt flat on a surface by folding in the sleeves and folding it in half.,microagi,human_bimanual,220.0,,,s3://rldb/processed_v3/microagi/2026-06-21-09-51-27-158299.mp4,s3://rldb/processed_v3/microagi/2026-06-21-09-51-27-158299.zarr,fold_clothes,train
2026-04-02-14-09-30-174105,fold_shirt,Fold a floral-patterned shirt on a table by manipulating the fabric with both hands to create a folded end state.,microagi,human_bimanual,586.0,,,s3://rldb/processed_v3/microagi/2026-04-02-14-09-30-174105.mp4,s3://rldb/processed_v3/microagi/2026-04-02-14-09-30-174105.zarr,fold_clothes,train
2026-04-05-00-15-53-595801,fold_shirt,Fold a white floral-patterned shirt on a table by pressing and smoothing the fabric into a folded shape.,microagi,human_bimanual,557.0,,,s3://rldb/processed_v3/microagi/2026-04-05-00-15-53-595801.mp4,s3://rldb/processed_v3/microagi/2026-04-05-00-15-53-595801.zarr,fold_clothes,train
2026-04-09-10-13-40-246515,fold_shirt,Fold a white shirt on an ironing board by bringing one side over and smoothing the fabric flat.,microagi,human_bimanual,152.0,,,s3://rldb/processed_v3/microagi/2026-04-09-10-13-40-246515.mp4,s3://rldb/processed_v3/microagi/2026-04-09-10-13-40-246515.zarr,fold_clothes,train
2026-05-20-07-27-54-641482,fold_shirt,Fold a patterned shirt on a bed into a compact rectangular shape by bringing in the sides and sleeves.,microagi,human_bimanual,411.0,,,s3://rldb/processed_v3/microagi/2026-05-20-07-27-54-641482.mp4,s3://rldb/processed_v3/microagi/2026-05-20-07-27-54-641482.zarr,fold_clothes,train
2026-04-07-09-46-38-426556,fold_white_shirt,Press and smooth a white shirt flat on a table using both hands.,microagi,human_bimanual,762.0,,,s3://rldb/processed_v3/microagi/2026-04-07-09-46-38-426556.mp4,s3://rldb/processed_v3/microagi/2026-04-07-09-46-38-426556.zarr,fold_clothes,train
2026-04-10-20-33-28-456857,fold_white_shirt,Fold a white shirt on a flat surface into a compact rectangular shape and place it with other folded clothes.,microagi,human_bimanual,201.0,,,s3://rldb/processed_v3/microagi/2026-04-10-20-33-28-456857.mp4,s3://rldb/processed_v3/microagi/2026-04-10-20-33-28-456857.zarr,fold_clothes,train
2026-05-25-06-38-31-620479,fold_white_shirt,Fold a white shirt on a flat surface into a compact rectangular shape.,microagi,human_bimanual,464.0,,,s3://rldb/processed_v3/microagi/2026-05-25-06-38-31-620479.mp4,s3://rldb/processed_v3/microagi/2026-05-25-06-38-31-620479.zarr,fold_clothes,train
2026-05-25-07-17-02-948101,fold_white_shirt,Fold a white shirt into a compact rectangular shape on a flat surface.,microagi,human_bimanual,410.0,,,s3://rldb/processed_v3/microagi/2026-05-25-07-17-02-948101.mp4,s3://rldb/processed_v3/microagi/2026-05-25-07-17-02-948101.zarr,fold_clothes,train
2026-04-08-13-17-32-861101,fold_black_t-shirt,Fold a black t-shirt on a table by bringing the sides and bottom together into a compact folded rectangle.,microagi,human_bimanual,511.0,,,s3://rldb/processed_v3/microagi/2026-04-08-13-17-32-861101.mp4,s3://rldb/processed_v3/microagi/2026-04-08-13-17-32-861101.zarr,fold_clothes,val
2026-04-01-10-36-40-877065,fold_blue_jeans,Fold a pair of blue jeans in half lengthwise on a bed.,microagi,human_bimanual,1253.0,,,s3://rldb/processed_v3/microagi/2026-04-01-10-36-40-877065.mp4,s3://rldb/processed_v3/microagi/2026-04-01-10-36-40-877065.zarr,fold_clothes,val
2026-06-08-21-17-22-338830,fold_clothes,Fold a black t-shirt in half on a table.,microagi,human_bimanual,159.0,,,s3://rldb/processed_v3/microagi/2026-06-08-21-17-22-338830.mp4,s3://rldb/processed_v3/microagi/2026-06-08-21-17-22-338830.zarr,fold_clothes,val
2026-06-18-16-14-41-695450,fold_laundry,Fold a pair of blue jeans on a table into a compact rectangle.,microagi,human_bimanual,468.0,,,s3://rldb/processed_v3/microagi/2026-06-18-16-14-41-695450.mp4,s3://rldb/processed_v3/microagi/2026-06-18-16-14-41-695450.zarr,fold_clothes,val
2026-04-08-18-03-38-793824,fold_shirt,Fold a patterned shirt on a flat surface by bringing the sleeves and sides inward to form a compact folded rectangle.,microagi,human_bimanual,436.0,,,s3://rldb/processed_v3/microagi/2026-04-08-18-03-38-793824.mp4,s3://rldb/processed_v3/microagi/2026-04-08-18-03-38-793824.zarr,fold_clothes,val
2026-04-01-14-01-43-774948,fold_white_shirt,Fold a white shirt on a bed by grasping and folding the fabric with both hands.,microagi,human_bimanual,180.0,,,s3://rldb/processed_v3/microagi/2026-04-01-14-01-43-774948.mp4,s3://rldb/processed_v3/microagi/2026-04-01-14-01-43-774948.zarr,fold_clothes,val
