trial_id,condition,task_id,init_state_index,success,terminal_reason,sim_steps,wall_s,known_workflow_tokens,unknown_usage_records,source_sha256,independent_replay_status
pilot-t00-i03-r0-B,B,0,3,False,TASK_FAILURE,393,445.94309347801027,1594511,0,e492d7fced475afe2276f31770449c7f7b01ce25316319533f7d60a43c4d4e8a,passed
pilot-t00-i03-r0-B0,B0,0,3,False,TASK_FAILURE,228,238.71706958099094,647461,0,dd271936c8cfa69a070a160b23881dff74e87283cc9c14dc83ec499988318f4f,passed
pilot-t00-i03-r0-F,F,0,3,False,TASK_FAILURE,230,182.47477042600804,788570,0,8d67419cfa37616353e51c0a9fdd9ae07af23bbb16b751b213825b6ba869ee3f,passed
pilot-t00-i04-r0-B,B,0,4,True,SUCCESS,439,507.5636112659995,1845410,0,80df9b9d48e3e893188d344c00efbc88f5db49d8f07e60f6104618c8aa139790,passed
pilot-t00-i04-r0-B0,B0,0,4,True,SUCCESS,294,293.6921518599993,825137,0,52417d25845e9c7b438c3c531f419ff6d3ba4f09a45bcbd9d68bdf0f6d38f5e5,passed
pilot-t00-i04-r0-F,F,0,4,True,SUCCESS,506,497.15941095000017,3496346,0,e3edc67a2c9077af04d7cf29b0f16ef64900035ac8af192a51c3d603d9d5527c,passed
pilot-t05-i02-r0-B,B,5,2,False,TASK_FAILURE,726,706.5625709940068,2576308,0,53bdc0af7082958cc08bc4c97843c68852fc48b7c9cc0c0f93b8da96b66c7ffd,passed
pilot-t05-i02-r0-B0,B0,5,2,False,TASK_FAILURE,755,1086.1905614790012,4701151,0,4aa420c8bc17fa12e6b521d1a1d3a6e5d2f4193d0c78d14fbe40986e5962824b,passed
pilot-t05-i02-r0-F,F,5,2,True,SUCCESS,261,276.2914543549996,1173761,0,e014030be0998c9eaa7aba3e335d6d6598467112b9a37f9c68f45982cc11afc9,passed
pilot-t06-i04-r0-B0,B0,6,4,False,MODEL_ERROR,441,480.44891147199087,1709095,1,5f10392c9c09094facf7b8c1e8a8144f0822e10e959f7477777396677f2a457d,passed
pilot-t08-i00-r0-B,B,8,0,True,SUCCESS,558,640.7153043370054,2660120,0,fc11f5b076d768bd32fb4422dc57e8113d54a3f484ce19dc1116e0dc1c8eb3d7,passed
pilot-t08-i00-r0-B0,B0,8,0,False,TASK_FAILURE,713,766.500629859991,3533420,0,08875df5b8a9d1ba49e56e600558791116f5bd793139dd6f80deac901b06509c,passed
pilot-t08-i00-r0-F,F,8,0,True,SUCCESS,856,787.3531368359982,7545405,0,b52ed2c3c52b54688ec08d892d0bb3b17afef5479f8c360365ef34d3c2bc605b,passed
