cohort,round,episode_id,method_id,physical_run_id,reused,success,recorded_success,initial_success,actions,velocity_evaluations,policy_sha256,audit_status,calls,input_tokens,output_tokens,total_tokens,reasoning_tokens,total_tokens_missing_calls
adaptation,0,libero_goal_ood:seed19:task6:state0,critique_frs_no_learning,libero_goal_ood:seed19:task6:state0:native_repeated_noise_state0_round0,False,False,False,False,300,310,126c8351675d98de1d76abdd9058ceb74193118488b4973d617942bdd2463797,passed,0,0,0,0,0,0
adaptation,0,libero_spatial_ood:seed19:task2:state0,critique_frs_no_learning,libero_spatial_ood:seed19:task2:state0:native_repeated_noise_state0_round0,False,False,False,False,300,310,126c8351675d98de1d76abdd9058ceb74193118488b4973d617942bdd2463797,passed,0,0,0,0,0,0
adaptation,0,libero_spatial_ood:seed19:task8:state0,critique_frs_no_learning,libero_spatial_ood:seed19:task8:state0:native_repeated_noise_state0_round0,False,False,False,False,300,310,126c8351675d98de1d76abdd9058ceb74193118488b4973d617942bdd2463797,passed,0,0,0,0,0,0
adaptation,0,libero_goal_ood:seed19:task6:state0,critique_frs_learning,libero_goal_ood:seed19:task6:state0:native_repeated_noise_state0_round0,True,False,False,False,300,310,126c8351675d98de1d76abdd9058ceb74193118488b4973d617942bdd2463797,passed,0,0,0,0,0,0
adaptation,0,libero_spatial_ood:seed19:task2:state0,critique_frs_learning,libero_spatial_ood:seed19:task2:state0:native_repeated_noise_state0_round0,True,False,False,False,300,310,126c8351675d98de1d76abdd9058ceb74193118488b4973d617942bdd2463797,passed,0,0,0,0,0,0
adaptation,0,libero_spatial_ood:seed19:task8:state0,critique_frs_learning,libero_spatial_ood:seed19:task8:state0:native_repeated_noise_state0_round0,True,False,False,False,300,310,126c8351675d98de1d76abdd9058ceb74193118488b4973d617942bdd2463797,passed,0,0,0,0,0,0
adaptation,1,libero_goal_ood:seed19:task6:state0,critique_frs_no_learning,libero_goal_ood:seed19:task6:state0:critique_frs_no_learning_state0_round1,False,False,False,False,300,460,126c8351675d98de1d76abdd9058ceb74193118488b4973d617942bdd2463797,passed,30,98452,6663,105115,1288,1
adaptation,1,libero_spatial_ood:seed19:task2:state0,critique_frs_no_learning,libero_spatial_ood:seed19:task2:state0:critique_frs_no_learning_state0_round1,False,False,False,False,300,380,126c8351675d98de1d76abdd9058ceb74193118488b4973d617942bdd2463797,passed,30,103125,6590,109715,965,0
adaptation,1,libero_spatial_ood:seed19:task8:state0,critique_frs_no_learning,libero_spatial_ood:seed19:task8:state0:critique_frs_no_learning_state0_round1,False,False,False,False,300,400,126c8351675d98de1d76abdd9058ceb74193118488b4973d617942bdd2463797,passed,30,102803,6188,108991,622,0
adaptation,1,libero_goal_ood:seed19:task6:state0,critique_frs_learning,libero_goal_ood:seed19:task6:state0:critique_frs_learning_state0_round1,False,False,False,False,300,400,59fa19996ad9c994fa76dedfb52c8b898002b5cf3ef3272f83275f9f85febdae,passed,30,101971,6327,108298,884,0
adaptation,1,libero_spatial_ood:seed19:task2:state0,critique_frs_learning,libero_spatial_ood:seed19:task2:state0:critique_frs_learning_state0_round1,False,False,False,False,300,560,e9e4286a8ee6f7491ac9ba77c5dab03ec2ff58977ee02d5e200f0da3c6234fb3,passed,30,103440,6595,110035,985,0
adaptation,1,libero_spatial_ood:seed19:task8:state0,critique_frs_learning,libero_spatial_ood:seed19:task8:state0:critique_frs_learning_state0_round1,False,False,False,False,300,320,6542aa74576e9917a58d0f2b914e304e59a4240ad42a469ae9d9265ecbb91e0e,passed,30,101043,6087,107130,503,0
adaptation,2,libero_goal_ood:seed19:task6:state0,critique_frs_no_learning,libero_goal_ood:seed19:task6:state0:critique_frs_no_learning_state0_round2,False,False,False,False,300,520,126c8351675d98de1d76abdd9058ceb74193118488b4973d617942bdd2463797,passed,30,101550,6308,107858,1203,0
adaptation,2,libero_spatial_ood:seed19:task2:state0,critique_frs_no_learning,libero_spatial_ood:seed19:task2:state0:critique_frs_no_learning_state0_round2,False,False,False,False,300,420,126c8351675d98de1d76abdd9058ceb74193118488b4973d617942bdd2463797,passed,30,100683,5821,106504,589,0
adaptation,2,libero_spatial_ood:seed19:task8:state0,critique_frs_no_learning,libero_spatial_ood:seed19:task8:state0:critique_frs_no_learning_state0_round2,False,False,False,False,300,340,126c8351675d98de1d76abdd9058ceb74193118488b4973d617942bdd2463797,passed,30,102310,6212,108522,634,0
adaptation,2,libero_goal_ood:seed19:task6:state0,critique_frs_learning,libero_goal_ood:seed19:task6:state0:critique_frs_learning_state0_round2,False,False,False,False,300,380,59fa19996ad9c994fa76dedfb52c8b898002b5cf3ef3272f83275f9f85febdae,passed,30,101396,6411,107807,972,0
adaptation,2,libero_spatial_ood:seed19:task2:state0,critique_frs_learning,libero_spatial_ood:seed19:task2:state0:critique_frs_learning_state0_round2,False,False,False,False,300,300,e9e4286a8ee6f7491ac9ba77c5dab03ec2ff58977ee02d5e200f0da3c6234fb3,passed,30,101346,5966,107312,376,0
adaptation,2,libero_spatial_ood:seed19:task8:state0,critique_frs_learning,libero_spatial_ood:seed19:task8:state0:critique_frs_learning_state0_round2,False,False,False,False,300,320,6542aa74576e9917a58d0f2b914e304e59a4240ad42a469ae9d9265ecbb91e0e,passed,30,102061,5237,107298,156,0
adaptation,3,libero_goal_ood:seed19:task6:state0,critique_frs_no_learning,libero_goal_ood:seed19:task6:state0:critique_frs_no_learning_state0_round3,False,False,False,False,300,360,126c8351675d98de1d76abdd9058ceb74193118488b4973d617942bdd2463797,passed,30,102934,5510,108444,283,0
adaptation,3,libero_spatial_ood:seed19:task2:state0,critique_frs_no_learning,libero_spatial_ood:seed19:task2:state0:critique_frs_no_learning_state0_round3,False,False,False,False,300,380,126c8351675d98de1d76abdd9058ceb74193118488b4973d617942bdd2463797,passed,30,97447,5910,103357,424,1
adaptation,3,libero_spatial_ood:seed19:task8:state0,critique_frs_no_learning,libero_spatial_ood:seed19:task8:state0:critique_frs_no_learning_state0_round3,False,False,False,False,300,380,126c8351675d98de1d76abdd9058ceb74193118488b4973d617942bdd2463797,passed,30,102431,6218,108649,583,0
adaptation,3,libero_goal_ood:seed19:task6:state0,critique_frs_learning,libero_goal_ood:seed19:task6:state0:critique_frs_learning_state0_round3,False,False,False,False,300,340,59fa19996ad9c994fa76dedfb52c8b898002b5cf3ef3272f83275f9f85febdae,passed,30,102742,5720,108462,261,0
adaptation,3,libero_spatial_ood:seed19:task2:state0,critique_frs_learning,libero_spatial_ood:seed19:task2:state0:critique_frs_learning_state0_round3,False,False,False,False,300,360,e9e4286a8ee6f7491ac9ba77c5dab03ec2ff58977ee02d5e200f0da3c6234fb3,passed,30,102818,5889,108707,688,0
adaptation,3,libero_spatial_ood:seed19:task8:state0,critique_frs_learning,libero_spatial_ood:seed19:task8:state0:critique_frs_learning_state0_round3,False,False,False,False,300,320,6542aa74576e9917a58d0f2b914e304e59a4240ad42a469ae9d9265ecbb91e0e,passed,30,102659,6153,108812,510,0
evaluation,1,libero_goal_ood:seed19:task6:state1,learned_noise,libero_goal_ood:seed19:task6:state1:learned_noise_state1_round1,False,False,False,False,300,300,59fa19996ad9c994fa76dedfb52c8b898002b5cf3ef3272f83275f9f85febdae,passed,0,0,0,0,0,0
evaluation,1,libero_spatial_ood:seed19:task2:state1,learned_noise,libero_spatial_ood:seed19:task2:state1:learned_noise_state1_round1,False,False,False,False,300,300,e9e4286a8ee6f7491ac9ba77c5dab03ec2ff58977ee02d5e200f0da3c6234fb3,passed,0,0,0,0,0,0
evaluation,1,libero_spatial_ood:seed19:task8:state1,learned_noise,libero_spatial_ood:seed19:task8:state1:learned_noise_state1_round1,False,False,False,False,300,300,6542aa74576e9917a58d0f2b914e304e59a4240ad42a469ae9d9265ecbb91e0e,passed,0,0,0,0,0,0
evaluation,2,libero_goal_ood:seed19:task6:state1,learned_noise,libero_goal_ood:seed19:task6:state1:learned_noise_state1_round2,False,False,False,False,300,300,59fa19996ad9c994fa76dedfb52c8b898002b5cf3ef3272f83275f9f85febdae,passed,0,0,0,0,0,0
evaluation,2,libero_spatial_ood:seed19:task2:state1,learned_noise,libero_spatial_ood:seed19:task2:state1:learned_noise_state1_round2,False,False,False,False,300,300,e9e4286a8ee6f7491ac9ba77c5dab03ec2ff58977ee02d5e200f0da3c6234fb3,passed,0,0,0,0,0,0
evaluation,2,libero_spatial_ood:seed19:task8:state1,learned_noise,libero_spatial_ood:seed19:task8:state1:learned_noise_state1_round2,False,False,False,False,300,300,6542aa74576e9917a58d0f2b914e304e59a4240ad42a469ae9d9265ecbb91e0e,passed,0,0,0,0,0,0
evaluation,3,libero_goal_ood:seed19:task6:state1,native_euler10,libero_goal_ood:seed19:task6:state1:native_euler10_state1_round3,False,False,False,False,300,300,126c8351675d98de1d76abdd9058ceb74193118488b4973d617942bdd2463797,passed,0,0,0,0,0,0
evaluation,3,libero_spatial_ood:seed19:task2:state1,native_euler10,libero_spatial_ood:seed19:task2:state1:native_euler10_state1_round3,False,False,False,False,300,300,126c8351675d98de1d76abdd9058ceb74193118488b4973d617942bdd2463797,passed,0,0,0,0,0,0
evaluation,3,libero_spatial_ood:seed19:task8:state1,native_euler10,libero_spatial_ood:seed19:task8:state1:native_euler10_state1_round3,False,False,False,False,300,300,126c8351675d98de1d76abdd9058ceb74193118488b4973d617942bdd2463797,passed,0,0,0,0,0,0
evaluation,3,libero_goal_ood:seed19:task6:state1,native_repeated_noise,libero_goal_ood:seed19:task6:state1:native_repeated_noise_state1_round3,False,False,False,False,300,300,126c8351675d98de1d76abdd9058ceb74193118488b4973d617942bdd2463797,passed,0,0,0,0,0,0
evaluation,3,libero_spatial_ood:seed19:task2:state1,native_repeated_noise,libero_spatial_ood:seed19:task2:state1:native_repeated_noise_state1_round3,False,False,False,False,300,300,126c8351675d98de1d76abdd9058ceb74193118488b4973d617942bdd2463797,passed,0,0,0,0,0,0
evaluation,3,libero_spatial_ood:seed19:task8:state1,native_repeated_noise,libero_spatial_ood:seed19:task8:state1:native_repeated_noise_state1_round3,False,False,False,False,300,300,126c8351675d98de1d76abdd9058ceb74193118488b4973d617942bdd2463797,passed,0,0,0,0,0,0
evaluation,3,libero_goal_ood:seed19:task6:state1,astra_direction_direct,libero_goal_ood:seed19:task6:state1:astra_direction_direct_state1_round3,False,True,True,False,103,110,126c8351675d98de1d76abdd9058ceb74193118488b4973d617942bdd2463797,passed,11,13278,2355,15633,825,0
evaluation,3,libero_spatial_ood:seed19:task2:state1,astra_direction_direct,libero_spatial_ood:seed19:task2:state1:astra_direction_direct_state1_round3,False,False,False,False,300,300,126c8351675d98de1d76abdd9058ceb74193118488b4973d617942bdd2463797,passed,30,34940,7356,42296,3282,1
evaluation,3,libero_spatial_ood:seed19:task8:state1,astra_direction_direct,libero_spatial_ood:seed19:task8:state1:astra_direction_direct_state1_round3,False,True,True,False,202,210,126c8351675d98de1d76abdd9058ceb74193118488b4973d617942bdd2463797,passed,21,25350,4401,29751,1414,0
evaluation,3,libero_goal_ood:seed19:task6:state1,astra_frs,libero_goal_ood:seed19:task6:state1:astra_frs_state1_round3,False,True,True,False,78,120,126c8351675d98de1d76abdd9058ceb74193118488b4973d617942bdd2463797,passed,8,9612,1773,11385,611,0
evaluation,3,libero_spatial_ood:seed19:task2:state1,astra_frs,libero_spatial_ood:seed19:task2:state1:astra_frs_state1_round3,False,True,True,False,83,190,126c8351675d98de1d76abdd9058ceb74193118488b4973d617942bdd2463797,passed,9,10844,2056,12900,751,0
evaluation,3,libero_spatial_ood:seed19:task8:state1,astra_frs,libero_spatial_ood:seed19:task8:state1:astra_frs_state1_round3,False,False,False,False,300,520,126c8351675d98de1d76abdd9058ceb74193118488b4973d617942bdd2463797,passed,30,36230,6192,42422,1870,0
evaluation,3,libero_goal_ood:seed19:task6:state1,critique_frs_no_learning,libero_goal_ood:seed19:task6:state1:critique_frs_no_learning_state1_round3,False,False,False,False,300,300,126c8351675d98de1d76abdd9058ceb74193118488b4973d617942bdd2463797,passed,30,96906,5609,102515,25,0
evaluation,3,libero_spatial_ood:seed19:task2:state1,critique_frs_no_learning,libero_spatial_ood:seed19:task2:state1:critique_frs_no_learning_state1_round3,False,False,False,False,300,300,126c8351675d98de1d76abdd9058ceb74193118488b4973d617942bdd2463797,passed,30,96191,5103,101294,0,0
evaluation,3,libero_spatial_ood:seed19:task8:state1,critique_frs_no_learning,libero_spatial_ood:seed19:task8:state1:critique_frs_no_learning_state1_round3,False,False,False,False,300,300,126c8351675d98de1d76abdd9058ceb74193118488b4973d617942bdd2463797,passed,30,97358,5632,102990,0,0
evaluation,3,libero_goal_ood:seed19:task6:state1,learned_noise,libero_goal_ood:seed19:task6:state1:learned_noise_state1_round3,False,False,False,False,300,300,59fa19996ad9c994fa76dedfb52c8b898002b5cf3ef3272f83275f9f85febdae,passed,0,0,0,0,0,0
evaluation,3,libero_spatial_ood:seed19:task2:state1,learned_noise,libero_spatial_ood:seed19:task2:state1:learned_noise_state1_round3,False,False,False,False,300,300,e9e4286a8ee6f7491ac9ba77c5dab03ec2ff58977ee02d5e200f0da3c6234fb3,passed,0,0,0,0,0,0
evaluation,3,libero_spatial_ood:seed19:task8:state1,learned_noise,libero_spatial_ood:seed19:task8:state1:learned_noise_state1_round3,False,False,False,False,300,300,6542aa74576e9917a58d0f2b914e304e59a4240ad42a469ae9d9265ecbb91e0e,passed,0,0,0,0,0,0
