id,suite,suite_label,task_id,instruction,bddl_sha256,bddl_source,released_goal_expression
G0,libero_goal_ood,Goal,0,put the cream cheese in the basket,0852791a76d851542f5ed08b682d3440bd6255ab54ea987545b34924561dcf7d,https://github.com/QuanyiLi/pi0-text-latent/blob/587a6cbf64f16c7b87fa5805dc0ed934192239a4/third_party/modified_libero/libero/libero/bddl_files/libero_goal_ood/put_the_cream_cheese_in_the_basket.bddl,(And (On cream_cheese_1 basket_1))
G1,libero_goal_ood,Goal,1,put the orange juice on the stove,1cd35dbf657c8ef14efadb934d58b15433414464575192795680832c8ff198ca,https://github.com/QuanyiLi/pi0-text-latent/blob/587a6cbf64f16c7b87fa5805dc0ed934192239a4/third_party/modified_libero/libero/libero/bddl_files/libero_goal_ood/put_the_orange_juice_on_the_stove.bddl,(And (On orange_juice_1 flat_stove_1_base_region))
G2,libero_goal_ood,Goal,2,put the bbq source on the plate,35bdf9391b2d4f2c8eb58903f4c688069b712e1568d313ce1d19cb4a41c9aa41,https://github.com/QuanyiLi/pi0-text-latent/blob/587a6cbf64f16c7b87fa5805dc0ed934192239a4/third_party/modified_libero/libero/libero/bddl_files/libero_goal_ood/put_the_bbq_source_on_the_plate.bddl,(And (On bbq_sauce_1 plate_1))
G3,libero_goal_ood,Goal,3,put the tomato sauce on top of the cabinet,4c13c3b6246262cb2e55b92444914a83096d8dbee5309db12957c692cb4dfdea,https://github.com/QuanyiLi/pi0-text-latent/blob/587a6cbf64f16c7b87fa5805dc0ed934192239a4/third_party/modified_libero/libero/libero/bddl_files/libero_goal_ood/put_the_tomato_sauce_on_top_of_the_cabinet.bddl,(And (On tomato_sauce_1 wooden_cabinet_1_top_side))
G4,libero_goal_ood,Goal,4,put the wine bottle on the stove,f6aff68b9087f11e296f89edc8c782e9c711a9cecfb228a427715df3f4ab539a,https://github.com/QuanyiLi/pi0-text-latent/blob/587a6cbf64f16c7b87fa5805dc0ed934192239a4/third_party/modified_libero/libero/libero/bddl_files/libero_goal_ood/put_the_wine_bottle_on_the_stove.bddl,(And (On wine_bottle_1 flat_stove_1_base_region))
G5,libero_goal_ood,Goal,5,put the wine bottle on the plate,40f6782391d290b485530c5fbaa30a5042997ab8e221c347d8be59a7666c640b,https://github.com/QuanyiLi/pi0-text-latent/blob/587a6cbf64f16c7b87fa5805dc0ed934192239a4/third_party/modified_libero/libero/libero/bddl_files/libero_goal_ood/put_the_wine_bottle_on_the_plate.bddl,(And (On wine_bottle_1 plate_1))
G6,libero_goal_ood,Goal,6,put the wine bottle in the bowl,2e65ef9f2a2c3976463016b1180266fb2aeff6148cae34486168cd8d80b135f9,https://github.com/QuanyiLi/pi0-text-latent/blob/587a6cbf64f16c7b87fa5805dc0ed934192239a4/third_party/modified_libero/libero/libero/bddl_files/libero_goal_ood/put_the_wine_bottle_in_the_bowl.bddl,(And (On wine_bottle_1 akita_black_bowl_1))
G7,libero_goal_ood,Goal,7,put the cream cheese on the plate,62dc454bfdd4a3162632da51fb3300f3e08ca342ca0ff5ea8839a474993fcda9,https://github.com/QuanyiLi/pi0-text-latent/blob/587a6cbf64f16c7b87fa5805dc0ed934192239a4/third_party/modified_libero/libero/libero/bddl_files/libero_goal_ood/put_the_cream_cheese_on_the_plate.bddl,(And (On cream_cheese_1 plate_1))
G8,libero_goal_ood,Goal,8,put the cream cheese on the stove,588acae456143a44edde1c3cc63c5ae24dd5c741bdcf367457070436f1397de4,https://github.com/QuanyiLi/pi0-text-latent/blob/587a6cbf64f16c7b87fa5805dc0ed934192239a4/third_party/modified_libero/libero/libero/bddl_files/libero_goal_ood/put_the_cream_cheese_on_the_stove.bddl,(And (On cream_cheese_1 flat_stove_1_base_region))
G9,libero_goal_ood,Goal,9,put the cream cheese on top of the cabinet,bf05ee22714fe070fee420ccb7a697f65d64ab320b347448f99f90989d23fe6e,https://github.com/QuanyiLi/pi0-text-latent/blob/587a6cbf64f16c7b87fa5805dc0ed934192239a4/third_party/modified_libero/libero/libero/bddl_files/libero_goal_ood/put_the_cream_cheese_on_top_of_the_cabinet.bddl,(And (On cream_cheese_1 wooden_cabinet_1_top_side))
S0,libero_spatial_ood,Spatial,0,put the butter on the plate,7de1c0ab2f2fd5a875d815149fe505319537f6e5f1189ac787c040b25aab5285,https://github.com/QuanyiLi/pi0-text-latent/blob/587a6cbf64f16c7b87fa5805dc0ed934192239a4/third_party/modified_libero/libero/libero/bddl_files/libero_spatial_ood/put_the_butter_on_the_plate.bddl,(And (On chocolate_pudding_1 plate_1))
S1,libero_spatial_ood,Spatial,1,put the chocolate pudding on the plate,7c5220fd359c1a04bab18a1849bf957e06fe8705cca920a0bbae706e82635cd0,https://github.com/QuanyiLi/pi0-text-latent/blob/587a6cbf64f16c7b87fa5805dc0ed934192239a4/third_party/modified_libero/libero/libero/bddl_files/libero_spatial_ood/put_the_chocolate_pudding_on_the_plate.bddl,(And (On chocolate_pudding_1 plate_1))
S2,libero_spatial_ood,Spatial,2,put the milk on the plate,f374007cd240ca1a8069f51205e56d8c4fa8946df81c3a5f50a08e61297d9e58,https://github.com/QuanyiLi/pi0-text-latent/blob/587a6cbf64f16c7b87fa5805dc0ed934192239a4/third_party/modified_libero/libero/libero/bddl_files/libero_spatial_ood/put_the_milk_on_the_plate.bddl,(And (On orange_juice_1 plate_1))
S3,libero_spatial_ood,Spatial,3,put the orange juice on the plate,6dee489e91acb1739abb1d7e480a5e7358987cb61400f80a70bc3b724f542429,https://github.com/QuanyiLi/pi0-text-latent/blob/587a6cbf64f16c7b87fa5805dc0ed934192239a4/third_party/modified_libero/libero/libero/bddl_files/libero_spatial_ood/put_the_orange_juice_on_the_plate.bddl,(And (On orange_juice_1 plate_1))
S4,libero_spatial_ood,Spatial,4,put the bowl on cookie box on the stove,6ac72af7b417189a8b6d6ccbc1936791324bdf59285d8cda250dd08c04632630,https://github.com/QuanyiLi/pi0-text-latent/blob/587a6cbf64f16c7b87fa5805dc0ed934192239a4/third_party/modified_libero/libero/libero/bddl_files/libero_spatial_ood/put_the_bowl_on_cookie_box_on_the_stove.bddl,(And (On akita_black_bowl_1 flat_stove_1_base_region))
S5,libero_spatial_ood,Spatial,5,put the bowl on cookie box on the cabinet,a9fc6c11e3da8dfb35bef98011f99390b3fcb655e0d90f7f9a6ab38826f890b6,https://github.com/QuanyiLi/pi0-text-latent/blob/587a6cbf64f16c7b87fa5805dc0ed934192239a4/third_party/modified_libero/libero/libero/bddl_files/libero_spatial_ood/put_the_bowl_on_cookie_box_on_the_cabinet.bddl,(And (On akita_black_bowl_1 wooden_cabinet_1_top_side))
S6,libero_spatial_ood,Spatial,6,put the bowl next to the plate on the cabinet,946fa9bda652173f768bd988d2a26bc0fb002aa92cf32eedeea37660c8ec1818,https://github.com/QuanyiLi/pi0-text-latent/blob/587a6cbf64f16c7b87fa5805dc0ed934192239a4/third_party/modified_libero/libero/libero/bddl_files/libero_spatial_ood/put_the_bowl_next_to_the_plate_on_the_cabinet.bddl,(And (On akita_black_bowl_1 wooden_cabinet_1_top_side))
S7,libero_spatial_ood,Spatial,7,put the bowl next to the plate on the stove,fb63f416148fb899ec93bcae989c8c694b92cc17840ed15dce400b10ca22dcd9,https://github.com/QuanyiLi/pi0-text-latent/blob/587a6cbf64f16c7b87fa5805dc0ed934192239a4/third_party/modified_libero/libero/libero/bddl_files/libero_spatial_ood/put_the_bowl_next_to_the_plate_on_the_stove.bddl,(And (On akita_black_bowl_1 flat_stove_1_base_region))
S8,libero_spatial_ood,Spatial,8,put the bowl at table center on the cabinet,9c9127a7737533425abf5dc8bd166cd5ff00ea6e5f0c1aa49159058c199d883c,https://github.com/QuanyiLi/pi0-text-latent/blob/587a6cbf64f16c7b87fa5805dc0ed934192239a4/third_party/modified_libero/libero/libero/bddl_files/libero_spatial_ood/put_the_bowl_at_table_center_on_the_cabinet.bddl,(And (On akita_black_bowl_1 wooden_cabinet_1_top_side))
S9,libero_spatial_ood,Spatial,9,put the bowl at table center on the stove,299bc09902a8b1d7877db4baf949141cea99debe289f2d600a4a7303da272e26,https://github.com/QuanyiLi/pi0-text-latent/blob/587a6cbf64f16c7b87fa5805dc0ed934192239a4/third_party/modified_libero/libero/libero/bddl_files/libero_spatial_ood/put_the_bowl_at_table_center_on_the_stove.bddl,(And (On akita_black_bowl_1 flat_stove_1_base_region))
