task,seed,method,episode_complete,success,executed_actions,reset_free_segments,assisted_segments,teacher_calls,teacher_tokens,wall_seconds,teacher_seconds,median_model_seconds,evidence
LoadPreparedFood,0,native,True,False,1500,300,0,0,0,207.86539407307282,,,previous/native/robocasa/evidence/LoadPreparedFood_seed0
LoadPreparedFood,0,phase,True,False,1500,300,300,11,216084,406.8791481596418,190.60767700662836,0.09976118616759777,previous/evidence/astra-complex-20261006-robocasa-language-dev3-1/LoadPreparedFood_seed0
LoadPreparedFood,0,tei,True,False,1500,300,290,16,313418,412.8844549730129,215.93080555205233,0.13764983649889473,evidence/astra-complex-20261006-robocasa-tei-v5-dev3-1/evaluation/LoadPreparedFood_seed0
LoadPreparedFood,0,tli,True,False,1500,300,260,16,312589,405.34550576499896,193.88372286604135,0.20804035100445617,evidence/astra-complex-20261006-robocasa-tli-v5-dev3-1/evaluation/LoadPreparedFood_seed0
LoadPreparedFood,1,native,True,False,1500,300,0,0,0,120.18867854401469,,,previous/native/robocasa/evidence/LoadPreparedFood_seed1
LoadPreparedFood,1,phase,True,False,1500,300,280,12,236410,387.92945871083066,220.26299205655232,0.09780173585750163,previous/evidence/astra-complex-20261006-robocasa-language-resume2-dev5-1/LoadPreparedFood_seed1
LoadPreparedFood,1,tei,True,False,1500,300,300,16,313123,355.9521017059742,224.95483750390122,0.12853553499735426,evidence/astra-complex-20261006-robocasa-tei-v5-dev3-1/evaluation/LoadPreparedFood_seed1
LoadPreparedFood,1,tli,True,False,1500,300,300,16,313925,396.77143871301087,241.94544890895486,0.2041776700061746,evidence/astra-complex-20261006-robocasa-tli-v5-dev3-1/evaluation/LoadPreparedFood_seed1
LoadPreparedFood,2,native,True,False,1500,300,0,0,0,140.0675135049969,,,previous/native/robocasa/evidence/LoadPreparedFood_seed2
LoadPreparedFood,2,phase,True,False,1500,300,300,10,196478,347.0137917269021,197.28893711604178,0.09917368786409497,previous/evidence/astra-complex-20261006-robocasa-language-resume2-dev5-1/LoadPreparedFood_seed2
LoadPreparedFood,2,tei,True,False,1500,300,300,16,310888,345.91413531298167,186.99489666405134,0.1374862985103391,evidence/astra-complex-20261006-robocasa-tei-v5-dev3-1/evaluation/LoadPreparedFood_seed2
LoadPreparedFood,2,tli,True,False,1500,300,300,16,312441,387.5717464380141,211.79224899291876,0.2053883040061919,evidence/astra-complex-20261006-robocasa-tli-v5-dev3-1/evaluation/LoadPreparedFood_seed2
PackIdenticalLunches,0,native,True,False,3900,780,0,0,0,257.1099588130601,,,previous/native/robocasa/evidence/PackIdenticalLunches_seed0
PackIdenticalLunches,0,phase,True,False,3900,780,780,16,313713,556.1849397751503,296.1131462994963,0.0986799243837595,previous/evidence/astra-complex-20261006-robocasa-language-resume2-dev5-1/PackIdenticalLunches_seed0
PackIdenticalLunches,0,tei,True,False,3900,780,460,16,310028,492.90572687299573,221.64293183406699,0.12571902749186847,evidence/astra-complex-20261006-robocasa-tei-v5-dev3-1/evaluation/PackIdenticalLunches_seed0
PackIdenticalLunches,0,tli,True,False,3900,780,300,16,310662,494.4644830939942,207.3373745859717,0.10188118301448412,evidence/astra-complex-20261006-robocasa-tli-v5-dev3-1/evaluation/PackIdenticalLunches_seed0
PackIdenticalLunches,1,native,True,False,3900,780,0,0,0,275.8144815079868,,,previous/native/robocasa/evidence/PackIdenticalLunches_seed1
PackIdenticalLunches,1,phase,True,False,3900,780,770,16,314033,560.3757199938409,277.52634694846347,0.09746018960140646,previous/evidence/astra-complex-20261006-robocasa-language-resume2-dev5-1/PackIdenticalLunches_seed1
PackIdenticalLunches,1,tei,True,False,3900,780,500,16,310933,480.4325692700222,194.70377733802889,0.12681544999941252,evidence/astra-complex-20261006-robocasa-tei-v5-dev3-1/evaluation/PackIdenticalLunches_seed1
PackIdenticalLunches,1,tli,True,False,3900,780,270,16,312160,589.6756997790071,290.12342963693663,0.1015174019994447,evidence/astra-complex-20261006-robocasa-tli-v5-dev3-1/evaluation/PackIdenticalLunches_seed1
PackIdenticalLunches,2,native,True,False,3900,780,0,0,0,331.24595833197236,,,previous/native/robocasa/evidence/PackIdenticalLunches_seed2
PackIdenticalLunches,2,phase,True,False,3900,780,750,16,315537,677.7889613700099,324.76330295205116,0.10157738346606493,previous/evidence/astra-complex-20261006-robocasa-language-resume2-dev5-1/PackIdenticalLunches_seed2
PackIdenticalLunches,2,tei,True,False,3900,780,500,16,314049,617.0344884170045,256.51991118496517,0.1325111150072189,evidence/astra-complex-20261006-robocasa-tei-v5-dev3-1/evaluation/PackIdenticalLunches_seed2
PackIdenticalLunches,2,tli,True,False,3900,780,410,16,314299,633.5905286199995,251.8335360380006,0.20143277950410265,evidence/astra-complex-20261006-robocasa-tli-v5-dev3-1/evaluation/PackIdenticalLunches_seed2
