episode,global_episode_index,seed,success,steps,cohort,task,horizon,completed,policy_queries,explicit_episode_resets,physical_retries,policy_seconds,environment_seconds,wall_seconds,instruction,video,image,paired_initial_state,paired_model_xml,paired_instruction
0,50,57,True,221,reference_first5,CloseFridge,900,True,14,1,0,5.37372224079445,8.912977086380124,15.21893372060731,Close the fridge door.,media/reference-CloseFridge-seed57.mp4,media/reference-CloseFridge-seed57.png,,,
1,51,58,True,299,reference_first5,CloseFridge,900,True,19,1,0,4.624725797679275,14.212607539258897,19.652783062309027,Close the fridge doors.,media/reference-CloseFridge-seed58.mp4,media/reference-CloseFridge-seed58.png,,,
2,52,59,True,286,reference_first5,CloseFridge,900,True,18,1,0,4.5108030079863966,11.851929229684174,17.08588597830385,Close the fridge doors.,media/reference-CloseFridge-seed59.mp4,media/reference-CloseFridge-seed59.png,,,
3,53,60,True,188,reference_first5,CloseFridge,900,True,12,1,0,3.0935590430162847,9.165846614167094,12.889406414236873,Close the fridge door.,media/reference-CloseFridge-seed60.mp4,media/reference-CloseFridge-seed60.png,,,
4,54,61,True,156,reference_first5,CloseFridge,900,True,10,1,0,2.3640661984682083,6.636062891222537,9.574410824105144,Close the fridge door.,media/reference-CloseFridge-seed61.mp4,media/reference-CloseFridge-seed61.png,,,
0,0,0,True,686,previous_pi05_seeds,LoadPreparedFood,1500,True,43,1,0,13.166849217377603,60.431339556351304,75.07568499492481,Place the tupperware on the top shelf of the fridge. Make space for the tupperware among the existing items by rearranging them on the shelves if needed. Close the fridge door when finished.,media/previous-LoadPreparedFood-seed0-seed0.mp4,media/previous-LoadPreparedFood-seed0-seed0.png,True,False,True
0,0,1,True,819,previous_pi05_seeds,LoadPreparedFood,1500,True,52,1,0,16.277938914950937,43.80175741808489,61.857141986023635,Place the tupperware on the second highest shelf of the fridge. Make space for the tupperware among the existing items by rearranging them on the shelves if needed. Close the fridge door when finished.,media/previous-LoadPreparedFood-seed1-seed1.mp4,media/previous-LoadPreparedFood-seed1-seed1.png,True,False,True
0,0,2,True,762,previous_pi05_seeds,LoadPreparedFood,1500,True,48,1,0,15.898177820723504,55.087675251532346,72.48493847204372,Place the tupperware on the top shelf of the fridge. Make space for the tupperware among the existing items by rearranging them on the shelves if needed. Close the fridge door when finished.,media/previous-LoadPreparedFood-seed2-seed2.mp4,media/previous-LoadPreparedFood-seed2-seed2.png,True,False,True
0,0,0,True,2340,previous_pi05_seeds,PackIdenticalLunches,3900,True,147,1,0,49.29366832226515,102.21599798230454,155.60055027995259,"Place one broccoli and one steak in each tupperware on the nearby counter, to pack two identical lunches.",media/previous-PackIdenticalLunches-seed0-seed0.mp4,media/previous-PackIdenticalLunches-seed0-seed0.png,True,False,True
0,0,1,True,1864,previous_pi05_seeds,PackIdenticalLunches,3900,True,117,1,0,37.980035367421806,93.86353877279907,135.30082275811583,"Place one carrot and one fish in each tupperware on the nearby counter, to pack two identical lunches.",media/previous-PackIdenticalLunches-seed1-seed1.mp4,media/previous-PackIdenticalLunches-seed1-seed1.png,True,False,True
0,0,2,False,3900,previous_pi05_seeds,PackIdenticalLunches,3900,True,244,1,0,80.51435785926878,249.68583567999303,337.3966010096483,"Place one corn and one chicken drumstick in each tupperware on the nearby counter, to pack two identical lunches.",media/previous-PackIdenticalLunches-seed2-seed2.mp4,media/previous-PackIdenticalLunches-seed2-seed2.png,True,False,True
0,1100,1107,False,3900,reference_first5,PackIdenticalLunches,3900,True,244,1,0,75.26833352493122,177.24870491027832,259.9170636460185,"Place one lime and one chicken drumstick in each tupperware on the nearby counter, to pack two identical lunches.",media/reference-PackIdenticalLunches-seed1107.mp4,media/reference-PackIdenticalLunches-seed1107.png,,,
1,1101,1108,False,3900,reference_first5,PackIdenticalLunches,3900,True,244,1,0,84.01607903512195,258.9795162277296,349.0907460320741,"Place one garlic and one chicken drumstick in each tupperware on the nearby counter, to pack two identical lunches.",media/reference-PackIdenticalLunches-seed1108.mp4,media/reference-PackIdenticalLunches-seed1108.png,,,
2,1102,1109,True,3848,reference_first5,PackIdenticalLunches,3900,True,241,1,0,80.50933046126738,196.42351847700775,284.40690036909655,"Place one potato and one chicken drumstick in each tupperware on the nearby counter, to pack two identical lunches.",media/reference-PackIdenticalLunches-seed1109.mp4,media/reference-PackIdenticalLunches-seed1109.png,,,
3,1103,1110,False,3900,reference_first5,PackIdenticalLunches,3900,True,244,1,0,79.91234333952889,188.24838300282136,273.88058128068224,"Place one tomato and one chicken drumstick in each tupperware on the nearby counter, to pack two identical lunches.",media/reference-PackIdenticalLunches-seed1110.mp4,media/reference-PackIdenticalLunches-seed1110.png,,,
4,1104,1111,False,3900,reference_first5,PackIdenticalLunches,3900,True,244,1,0,83.1867708908394,200.90545478789136,290.3016316932626,"Place one sweet potato and one steak in each tupperware on the nearby counter, to pack two identical lunches.",media/reference-PackIdenticalLunches-seed1111.mp4,media/reference-PackIdenticalLunches-seed1111.png,,,
0,1700,1707,True,1720,reference_first5,ArrangeBreadBasket,4350,True,108,1,0,37.05224663345143,73.1340445317328,113.60747152287513,"Open the cabinet, pick up the bread from the cabinet and place it in the basket. Then move the basket to the dining counter.",media/reference-ArrangeBreadBasket-seed1707.mp4,media/reference-ArrangeBreadBasket-seed1707.png,,,
1,1701,1708,True,1489,reference_first5,ArrangeBreadBasket,4350,True,94,1,0,31.360359857790172,64.81681610178202,99.06804339122027,"Open the cabinet, pick up the bread from the cabinet and place it in the basket. Then move the basket to the dining counter.",media/reference-ArrangeBreadBasket-seed1708.mp4,media/reference-ArrangeBreadBasket-seed1708.png,,,
2,1702,1709,True,1730,reference_first5,ArrangeBreadBasket,4350,True,109,1,0,35.97220268798992,77.56618043780327,116.76831413991749,"Open the cabinet, pick up the bread from the cabinet and place it in the basket. Then move the basket to the dining counter.",media/reference-ArrangeBreadBasket-seed1709.mp4,media/reference-ArrangeBreadBasket-seed1709.png,,,
3,1703,1710,True,1385,reference_first5,ArrangeBreadBasket,4350,True,87,1,0,29.53215204970911,83.14378093229607,115.68087333999574,"Open the cabinet, pick up the bread from the cabinet and place it in the basket. Then move the basket to the dining counter.",media/reference-ArrangeBreadBasket-seed1710.mp4,media/reference-ArrangeBreadBasket-seed1710.png,,,
4,1704,1711,False,4350,reference_first5,ArrangeBreadBasket,4350,True,272,1,0,84.46288776723668,319.0578743838705,411.1530443010852,"Open the cabinet, pick up the bread from the cabinet and place it in the basket. Then move the basket to the dining counter.",media/reference-ArrangeBreadBasket-seed1711.mp4,media/reference-ArrangeBreadBasket-seed1711.png,,,
