episode_id,suite,task_id,initial_state_id,seed,instruction,arm,success,credited_success,actions_executed,action_budget,terminated,policy_replans,velocity_evaluations,probe_velocity_evaluations,prefix_evaluations,probe_prefix_evaluations,head_active_actions,gate_active_actions,wall_seconds,worker,workflow,reset_audit_sha256,summary_sha256
libero_goal_ood:seed61:task0:state1,libero_goal_ood,0,1,61,put the cream cheese in the basket,native,True,True,117,300,False,24,240,30,24,3,0,0,19.73768854793161,0,astra-pi05-recipe-evaluation-20260927-1,6b1da01b2d4054882c3b77c764498ed87491bc5693954ae0b690a7e23d13e07d,1bb1207d92fbbe004a76e022fd591316dc46ebb57cea2d5b32d2e21ac9db855d
libero_goal_ood:seed61:task0:state1,libero_goal_ood,0,1,61,put the cream cheese in the basket,recorded_schedule,True,True,117,300,False,24,240,0,24,0,0,0,12.069870710838586,0,astra-pi05-recipe-evaluation-20260927-1,6b1da01b2d4054882c3b77c764498ed87491bc5693954ae0b690a7e23d13e07d,0d5e6c8738cfcb1006ce0b9db7d1afb723b35068b798fdf778fa0a5eba7f80bf
libero_goal_ood:seed61:task0:state1,libero_goal_ood,0,1,61,put the cream cheese in the basket,learned_selector,True,True,117,300,False,24,240,0,24,0,0,0,12.25406509032473,0,astra-pi05-recipe-evaluation-20260927-1,6b1da01b2d4054882c3b77c764498ed87491bc5693954ae0b690a7e23d13e07d,ce3bab0b1d67e3d1ffd27db4ec2977b807d957dc9d62bbdc67800dc50b9580b1
libero_goal_ood:seed61:task0:state1,libero_goal_ood,0,1,61,put the cream cheese in the basket,flow_head,True,True,149,300,False,30,300,0,30,0,149,0,15.241690734867007,0,astra-pi05-recipe-evaluation-20260927-1,6b1da01b2d4054882c3b77c764498ed87491bc5693954ae0b690a7e23d13e07d,151046aa81dd22cf5bd15019772183531c9f9edc4b010a38ab5731cc3cefae7e
libero_goal_ood:seed61:task0:state1,libero_goal_ood,0,1,61,put the cream cheese in the basket,gated_flow_head,True,True,117,300,False,24,240,0,24,0,0,0,12.508504724130034,0,astra-pi05-recipe-evaluation-20260927-1,6b1da01b2d4054882c3b77c764498ed87491bc5693954ae0b690a7e23d13e07d,ad11082e18aca8e26e4300448465c3e7444534b806b56e33be5a2c979f0a974a
libero_goal_ood:seed61:task0:state2,libero_goal_ood,0,2,61,put the cream cheese in the basket,native,True,True,298,300,False,60,600,0,60,0,0,0,29.163231304846704,0,astra-pi05-recipe-evaluation-20260927-1,a899d4812de0f820cea775781f0a2ae828e6dcdbb8a94662ca8a077269a9363e,681886d3dd28eb31b2a1060cfcdf4531dee3390e61d4ad765c438ee9a11e6019
libero_goal_ood:seed61:task0:state2,libero_goal_ood,0,2,61,put the cream cheese in the basket,recorded_schedule,True,True,298,300,False,60,600,0,60,0,0,0,29.45336260041222,0,astra-pi05-recipe-evaluation-20260927-1,a899d4812de0f820cea775781f0a2ae828e6dcdbb8a94662ca8a077269a9363e,f8a95528fd2f91054f1756dc1c5381bd6ad89448ec68bb5af3219ca26c7956b0
libero_goal_ood:seed61:task0:state2,libero_goal_ood,0,2,61,put the cream cheese in the basket,learned_selector,False,False,300,300,False,60,600,0,62,0,0,50,29.77054015127942,0,astra-pi05-recipe-evaluation-20260927-1,a899d4812de0f820cea775781f0a2ae828e6dcdbb8a94662ca8a077269a9363e,494e508cce0b802f51e70fc104510a280775f0828a9b374660f1e2baf3a29ac1
libero_goal_ood:seed61:task0:state2,libero_goal_ood,0,2,61,put the cream cheese in the basket,flow_head,False,False,300,300,False,60,600,0,60,0,300,0,29.357716747093946,0,astra-pi05-recipe-evaluation-20260927-1,a899d4812de0f820cea775781f0a2ae828e6dcdbb8a94662ca8a077269a9363e,5cd3fd0b6d96626038cfea60571ba7bfa7317127b8446230e947218bd2d1a0d5
libero_goal_ood:seed61:task0:state2,libero_goal_ood,0,2,61,put the cream cheese in the basket,gated_flow_head,False,False,300,300,False,60,600,0,63,0,75,75,29.58248292794451,0,astra-pi05-recipe-evaluation-20260927-1,a899d4812de0f820cea775781f0a2ae828e6dcdbb8a94662ca8a077269a9363e,1e1cf396b6dac4cacb9d2c68215f664c14918e8f3d539f31372eeb05b3547f6f
libero_goal_ood:seed61:task1:state1,libero_goal_ood,1,1,61,put the orange juice on the stove,native,True,True,101,300,False,21,210,0,21,0,0,0,11.370280445087701,0,astra-pi05-recipe-evaluation-20260927-1,1c37f0bcf95f9fa091a26f34a08d66e3c6e7d8652d9f2d0a55627001e072ffc5,e7bb3abb6e36be3543448039c54fd6977c1016dfd9174b766968be4c8ce6e66b
libero_goal_ood:seed61:task1:state1,libero_goal_ood,1,1,61,put the orange juice on the stove,recorded_schedule,True,True,91,300,False,19,190,0,19,0,0,91,11.781902858056128,0,astra-pi05-recipe-evaluation-20260927-1,1c37f0bcf95f9fa091a26f34a08d66e3c6e7d8652d9f2d0a55627001e072ffc5,db86dd5504b331fd98e1bcbffd8548046a153d793e0bca47fb7d86117709e808
libero_goal_ood:seed61:task1:state1,libero_goal_ood,1,1,61,put the orange juice on the stove,learned_selector,True,True,101,300,False,21,210,0,21,0,0,0,11.066541360225528,0,astra-pi05-recipe-evaluation-20260927-1,1c37f0bcf95f9fa091a26f34a08d66e3c6e7d8652d9f2d0a55627001e072ffc5,371d20313136014426aebbc5017b527ba2035c4014e318ce60104cdba2c13f5d
libero_goal_ood:seed61:task1:state1,libero_goal_ood,1,1,61,put the orange juice on the stove,flow_head,False,False,300,300,False,60,600,0,60,0,300,0,28.49745721463114,0,astra-pi05-recipe-evaluation-20260927-1,1c37f0bcf95f9fa091a26f34a08d66e3c6e7d8652d9f2d0a55627001e072ffc5,c2f27cf7f38f5a9090467469bce97734cc3ecb4bdb12166531f7a71a03ce1c4b
libero_goal_ood:seed61:task1:state1,libero_goal_ood,1,1,61,put the orange juice on the stove,gated_flow_head,True,True,101,300,False,21,210,0,21,0,0,0,11.003305851947516,0,astra-pi05-recipe-evaluation-20260927-1,1c37f0bcf95f9fa091a26f34a08d66e3c6e7d8652d9f2d0a55627001e072ffc5,94b601a29101d742561ee4cde4b061b0267e71166b99209b1aedfab37df2b35e
libero_goal_ood:seed61:task1:state2,libero_goal_ood,1,2,61,put the orange juice on the stove,native,True,True,129,300,False,26,260,0,26,0,0,0,13.36609018780291,0,astra-pi05-recipe-evaluation-20260927-1,62ffbe4951c90ba4292bda241cbc890b9699d7d70935ed9a83d653f088df0319,fd5f424a199f1bd2609250efbe2b4fc7f1498137530a429fb33c491565cc0562
libero_goal_ood:seed61:task1:state2,libero_goal_ood,1,2,61,put the orange juice on the stove,recorded_schedule,True,True,99,300,False,20,200,0,20,0,0,99,12.149488762952387,0,astra-pi05-recipe-evaluation-20260927-1,62ffbe4951c90ba4292bda241cbc890b9699d7d70935ed9a83d653f088df0319,36032dd4e00177a1295bdc66662259e4981a36a3bdb7faa5e48a8bc7e336b39c
libero_goal_ood:seed61:task1:state2,libero_goal_ood,1,2,61,put the orange juice on the stove,learned_selector,True,True,131,300,False,27,270,0,28,0,0,25,14.20921111293137,0,astra-pi05-recipe-evaluation-20260927-1,62ffbe4951c90ba4292bda241cbc890b9699d7d70935ed9a83d653f088df0319,93b8fc12ac11ff501e0449229a6684004f09109c271d5aa2f1c7de5906d05a6e
libero_goal_ood:seed61:task1:state2,libero_goal_ood,1,2,61,put the orange juice on the stove,flow_head,True,True,136,300,False,28,280,0,28,0,136,0,14.25980760762468,0,astra-pi05-recipe-evaluation-20260927-1,62ffbe4951c90ba4292bda241cbc890b9699d7d70935ed9a83d653f088df0319,83a0138bd41523091264a809d35fdfa502f68a984cdd1d197dd3e31ed185b9bc
libero_goal_ood:seed61:task1:state2,libero_goal_ood,1,2,61,put the orange juice on the stove,gated_flow_head,True,True,130,300,False,26,260,0,27,0,25,25,13.88949007820338,0,astra-pi05-recipe-evaluation-20260927-1,62ffbe4951c90ba4292bda241cbc890b9699d7d70935ed9a83d653f088df0319,142cbe51ad5e0e2d64cfe9c1159674d518e218b04d9df9b17355676616e8fd11
libero_goal_ood:seed61:task2:state1,libero_goal_ood,2,1,61,put the bbq source on the plate,native,False,False,300,300,False,60,600,0,60,0,0,0,28.174538279417902,0,astra-pi05-recipe-evaluation-20260927-1,99ed53503474e510a49ff8703183c767a180333be972b25efd4df7d0056e2118,a2d0f24851d547df6f910b3d80d63d6f4649d71360c5bab3b4ca6a730b1aa307
libero_goal_ood:seed61:task2:state1,libero_goal_ood,2,1,61,put the bbq source on the plate,recorded_schedule,False,False,300,300,False,60,600,0,60,0,0,0,28.348648568149656,0,astra-pi05-recipe-evaluation-20260927-1,99ed53503474e510a49ff8703183c767a180333be972b25efd4df7d0056e2118,eeb4cea10660725c462e76aaf1fd9a6c6137eb72d1b1d3420955faa514b28b99
libero_goal_ood:seed61:task2:state1,libero_goal_ood,2,1,61,put the bbq source on the plate,learned_selector,False,False,300,300,False,60,600,0,60,0,0,0,28.09959240304306,0,astra-pi05-recipe-evaluation-20260927-1,99ed53503474e510a49ff8703183c767a180333be972b25efd4df7d0056e2118,b71285b64d1d46c8c8eed4b34fc1db9f7e1fc42472edbdb5e29c63c23129c280
libero_goal_ood:seed61:task2:state1,libero_goal_ood,2,1,61,put the bbq source on the plate,flow_head,False,False,300,300,False,60,600,0,60,0,300,0,28.56800656206906,0,astra-pi05-recipe-evaluation-20260927-1,99ed53503474e510a49ff8703183c767a180333be972b25efd4df7d0056e2118,82278ce9c448f5a719bbcc7a371f8d04372b2c2f4852a644e5bcfb5e2f6c83a1
libero_goal_ood:seed61:task2:state1,libero_goal_ood,2,1,61,put the bbq source on the plate,gated_flow_head,False,False,300,300,False,60,600,0,60,0,0,0,28.099383781664073,0,astra-pi05-recipe-evaluation-20260927-1,99ed53503474e510a49ff8703183c767a180333be972b25efd4df7d0056e2118,94df80138c7f428f967711a8fe4a39753aa733347c723ddad8d5c52b52470df4
libero_goal_ood:seed61:task2:state2,libero_goal_ood,2,2,61,put the bbq source on the plate,native,False,False,300,300,False,60,600,0,60,0,0,0,28.287202299106866,0,astra-pi05-recipe-evaluation-20260927-1,a225c6958c9158388ba50441f360158b685f7976ec854039b8a47565b8cde092,ddbaa8c94f20d874d87d1f5cd4396a66075b4131a93b21bacaa9c67c5b2edd63
libero_goal_ood:seed61:task2:state2,libero_goal_ood,2,2,61,put the bbq source on the plate,recorded_schedule,False,False,300,300,False,60,600,0,60,0,0,0,28.058995945379138,0,astra-pi05-recipe-evaluation-20260927-1,a225c6958c9158388ba50441f360158b685f7976ec854039b8a47565b8cde092,0127d01d357e94eb44662793223af3a41f5250f953a9ae5fcd42e546097373b8
libero_goal_ood:seed61:task2:state2,libero_goal_ood,2,2,61,put the bbq source on the plate,learned_selector,False,False,300,300,False,60,600,0,61,0,0,25,28.703366327099502,0,astra-pi05-recipe-evaluation-20260927-1,a225c6958c9158388ba50441f360158b685f7976ec854039b8a47565b8cde092,c5c26e5cafbda0a92d5bc111e7c810404295a1679e0f96e0087cadd735c4c366
libero_goal_ood:seed61:task2:state2,libero_goal_ood,2,2,61,put the bbq source on the plate,flow_head,False,False,300,300,False,60,600,0,60,0,300,0,28.833035353105515,0,astra-pi05-recipe-evaluation-20260927-1,a225c6958c9158388ba50441f360158b685f7976ec854039b8a47565b8cde092,57427dd7a479f270edea8b718830f7e62e999fc13ad511685c79c80e67722515
libero_goal_ood:seed61:task2:state2,libero_goal_ood,2,2,61,put the bbq source on the plate,gated_flow_head,False,False,300,300,False,60,600,0,61,0,25,25,28.668322683312,0,astra-pi05-recipe-evaluation-20260927-1,a225c6958c9158388ba50441f360158b685f7976ec854039b8a47565b8cde092,3b8b77bfe56a9e4e64597040c463274de8cc33046672e9aeabb92a2360a6ef82
libero_goal_ood:seed61:task3:state1,libero_goal_ood,3,1,61,put the tomato sauce on top of the cabinet,native,False,False,300,300,False,60,600,0,60,0,0,0,28.59126995364204,0,astra-pi05-recipe-evaluation-20260927-1,c5f3e9c59bee0b6bcfd88d0a6929a1bb7db95b19cb0fa1c3f2df6a8c0aa3c1fd,b3a2fac7c83e9a5daeedfa9ecccb463f595658c73df440b7ffa1e53cf41bdaf6
libero_goal_ood:seed61:task3:state1,libero_goal_ood,3,1,61,put the tomato sauce on top of the cabinet,recorded_schedule,False,False,300,300,False,60,600,0,60,0,0,0,28.370186866261065,0,astra-pi05-recipe-evaluation-20260927-1,c5f3e9c59bee0b6bcfd88d0a6929a1bb7db95b19cb0fa1c3f2df6a8c0aa3c1fd,311412a209b3a2b703933aa8aabc9e6103168f892f3d04b629713904d33d6b9c
libero_goal_ood:seed61:task3:state1,libero_goal_ood,3,1,61,put the tomato sauce on top of the cabinet,learned_selector,False,False,300,300,False,60,600,0,65,0,0,125,30.678612345829606,0,astra-pi05-recipe-evaluation-20260927-1,c5f3e9c59bee0b6bcfd88d0a6929a1bb7db95b19cb0fa1c3f2df6a8c0aa3c1fd,46146c79b48f55579b2bace20e767ad7ee77a7cf7addd92d3bdaedf9c42c3775
libero_goal_ood:seed61:task3:state1,libero_goal_ood,3,1,61,put the tomato sauce on top of the cabinet,flow_head,False,False,300,300,False,60,600,0,60,0,300,0,29.012646578252316,0,astra-pi05-recipe-evaluation-20260927-1,c5f3e9c59bee0b6bcfd88d0a6929a1bb7db95b19cb0fa1c3f2df6a8c0aa3c1fd,99894ac42a2fb85bdd3cfdafbd58754b739b9664ee1baaf4847d63eb24c9ebf4
libero_goal_ood:seed61:task3:state1,libero_goal_ood,3,1,61,put the tomato sauce on top of the cabinet,gated_flow_head,False,False,300,300,False,60,600,0,63,0,75,75,29.263726881239563,0,astra-pi05-recipe-evaluation-20260927-1,c5f3e9c59bee0b6bcfd88d0a6929a1bb7db95b19cb0fa1c3f2df6a8c0aa3c1fd,6280174dd1a36dbd723882a5ac4b8327fb5705da5280637d7d7a868e126adb8b
libero_goal_ood:seed61:task3:state2,libero_goal_ood,3,2,61,put the tomato sauce on top of the cabinet,native,False,False,300,300,False,60,600,0,60,0,0,0,28.790863155853003,0,astra-pi05-recipe-evaluation-20260927-1,376a571579227724328f3870466626ca42d0433e5b8e9fb94267db6f2d8b04e2,3c73eb28c7b388f3f8d41d473497dbf4506c6675dffc28b05616eda81d7128ea
libero_goal_ood:seed61:task3:state2,libero_goal_ood,3,2,61,put the tomato sauce on top of the cabinet,recorded_schedule,False,False,300,300,False,60,600,0,60,0,0,0,28.54097963636741,0,astra-pi05-recipe-evaluation-20260927-1,376a571579227724328f3870466626ca42d0433e5b8e9fb94267db6f2d8b04e2,900a42d4a4eaf4269f06b088443085231f608a442c0e04678fd1bb1a51121980
libero_goal_ood:seed61:task3:state2,libero_goal_ood,3,2,61,put the tomato sauce on top of the cabinet,learned_selector,False,False,300,300,False,60,600,0,65,0,0,125,31.53547306684777,0,astra-pi05-recipe-evaluation-20260927-1,376a571579227724328f3870466626ca42d0433e5b8e9fb94267db6f2d8b04e2,9560474fbd34a7b373698d549057143dd8cacd0876264de19578625c5fe2d34f
libero_goal_ood:seed61:task3:state2,libero_goal_ood,3,2,61,put the tomato sauce on top of the cabinet,flow_head,False,False,300,300,False,60,600,0,60,0,300,0,29.111042625270784,0,astra-pi05-recipe-evaluation-20260927-1,376a571579227724328f3870466626ca42d0433e5b8e9fb94267db6f2d8b04e2,c9cd6cacb2917d9c3f60adff0ac7da1283cd0de235e4fed60de9b6bd65a92fe9
libero_goal_ood:seed61:task3:state2,libero_goal_ood,3,2,61,put the tomato sauce on top of the cabinet,gated_flow_head,False,False,300,300,False,60,600,0,65,0,125,125,29.98880045907572,0,astra-pi05-recipe-evaluation-20260927-1,376a571579227724328f3870466626ca42d0433e5b8e9fb94267db6f2d8b04e2,f5ac1ed0f58b52707bb645622f55343b6d8c3b689c3a834543efe21a27e23ba1
libero_goal_ood:seed61:task4:state1,libero_goal_ood,4,1,61,put the wine bottle on the stove,native,True,True,95,300,False,19,190,0,19,0,0,0,10.343334538396448,0,astra-pi05-recipe-evaluation-20260927-1,efd3d2cae555ad54b7ab3d9a31f554f14b3bde3f17ee3434cfce3fee35b436f8,fc98cfa27138102afa92dbd0198df137b0c38af35390630ebb01dbd3ca79b01e
libero_goal_ood:seed61:task4:state1,libero_goal_ood,4,1,61,put the wine bottle on the stove,recorded_schedule,True,True,95,300,False,19,190,0,19,0,0,0,10.24172921385616,0,astra-pi05-recipe-evaluation-20260927-1,efd3d2cae555ad54b7ab3d9a31f554f14b3bde3f17ee3434cfce3fee35b436f8,1d4acd87276aa221c818a7adf0a042e43ce174523d12ff1dd8c92f370072c325
libero_goal_ood:seed61:task4:state1,libero_goal_ood,4,1,61,put the wine bottle on the stove,learned_selector,True,True,95,300,False,19,190,0,19,0,0,0,10.295236270409077,0,astra-pi05-recipe-evaluation-20260927-1,efd3d2cae555ad54b7ab3d9a31f554f14b3bde3f17ee3434cfce3fee35b436f8,f2a2eb7ab6798df05869b5689e044ccd335b04831e5cbf46417ad7f0a6742270
libero_goal_ood:seed61:task4:state1,libero_goal_ood,4,1,61,put the wine bottle on the stove,flow_head,True,True,90,300,False,18,180,0,18,0,90,0,9.991900358349085,0,astra-pi05-recipe-evaluation-20260927-1,efd3d2cae555ad54b7ab3d9a31f554f14b3bde3f17ee3434cfce3fee35b436f8,e47892f5f5026059c2f0dcbb22d90ca65e28372bbc4a43e0d69440830edb4f15
libero_goal_ood:seed61:task4:state1,libero_goal_ood,4,1,61,put the wine bottle on the stove,gated_flow_head,True,True,95,300,False,19,190,0,19,0,0,0,10.268753046169877,0,astra-pi05-recipe-evaluation-20260927-1,efd3d2cae555ad54b7ab3d9a31f554f14b3bde3f17ee3434cfce3fee35b436f8,95197e70d8e5d4eae2e204a457e81fdf34a87f69a0ba193c5c801de187727a07
libero_goal_ood:seed61:task4:state2,libero_goal_ood,4,2,61,put the wine bottle on the stove,native,True,True,79,300,False,16,160,0,16,0,0,0,8.958780565299094,0,astra-pi05-recipe-evaluation-20260927-1,0872397e636cb2d37950c27814a25c11efbd6ee31c9a9cbd06639e57ae878e4e,7a8ef31ca475bb57435df4d167e8fdb45863164611e59012b0d2415875dac221
libero_goal_ood:seed61:task4:state2,libero_goal_ood,4,2,61,put the wine bottle on the stove,recorded_schedule,True,True,79,300,False,16,160,0,16,0,0,0,9.10563996201381,0,astra-pi05-recipe-evaluation-20260927-1,0872397e636cb2d37950c27814a25c11efbd6ee31c9a9cbd06639e57ae878e4e,14b70426115501cf7cebf53a9af7511bc06623ab79ebf339143ea981d2911b6c
libero_goal_ood:seed61:task4:state2,libero_goal_ood,4,2,61,put the wine bottle on the stove,learned_selector,True,True,79,300,False,16,160,0,17,0,0,4,9.158825727645308,0,astra-pi05-recipe-evaluation-20260927-1,0872397e636cb2d37950c27814a25c11efbd6ee31c9a9cbd06639e57ae878e4e,f1d8b3b6a1ac90ecd4bc6603659da92860b2a39e64ecce6f02d85457ee09dfdc
libero_goal_ood:seed61:task4:state2,libero_goal_ood,4,2,61,put the wine bottle on the stove,flow_head,True,True,79,300,False,16,160,0,16,0,79,0,8.992460334207863,0,astra-pi05-recipe-evaluation-20260927-1,0872397e636cb2d37950c27814a25c11efbd6ee31c9a9cbd06639e57ae878e4e,71e6933e8b90b8e04eb88913cd8a2c0fe3b80205d067bb9241e275ab1b039500
libero_goal_ood:seed61:task4:state2,libero_goal_ood,4,2,61,put the wine bottle on the stove,gated_flow_head,True,True,79,300,False,16,160,0,17,0,4,4,9.238777440041304,0,astra-pi05-recipe-evaluation-20260927-1,0872397e636cb2d37950c27814a25c11efbd6ee31c9a9cbd06639e57ae878e4e,408bce3a2ec50a5f6f050ba922166d50bb37df4d4971f49f34b9a5cdff9b0659
libero_goal_ood:seed61:task5:state1,libero_goal_ood,5,1,61,put the wine bottle on the plate,native,False,False,300,300,False,60,600,30,60,3,0,0,34.33407846279442,1,astra-pi05-recipe-evaluation-20260927-1,adb88e7806b591cf29f029b0e0ca651d778c049515c0a8555f64cfcb14d99d06,5cb1a61541fb0375785701e41e2a1c92ae09342cab26c87156cc844c34275dee
libero_goal_ood:seed61:task5:state1,libero_goal_ood,5,1,61,put the wine bottle on the plate,recorded_schedule,True,True,116,300,False,24,240,0,24,0,0,116,13.650900553911924,1,astra-pi05-recipe-evaluation-20260927-1,adb88e7806b591cf29f029b0e0ca651d778c049515c0a8555f64cfcb14d99d06,02f0bab2439a20e059d83e74990a80c8e7b3398710da1b356f35d07babe71fd3
libero_goal_ood:seed61:task5:state1,libero_goal_ood,5,1,61,put the wine bottle on the plate,learned_selector,False,False,300,300,False,60,600,0,68,0,0,200,31.689739055931568,1,astra-pi05-recipe-evaluation-20260927-1,adb88e7806b591cf29f029b0e0ca651d778c049515c0a8555f64cfcb14d99d06,2186fb59e6ab52191868c2d31b1d2e0b48e91559c22804d623f275fe41fa42c0
libero_goal_ood:seed61:task5:state1,libero_goal_ood,5,1,61,put the wine bottle on the plate,flow_head,False,False,300,300,False,60,600,0,60,0,300,0,27.725494477897882,1,astra-pi05-recipe-evaluation-20260927-1,adb88e7806b591cf29f029b0e0ca651d778c049515c0a8555f64cfcb14d99d06,3cc55d4f2072b2af0a304bd4caafd7815e2df8ca9730752c4fb0c81d362a3ce2
libero_goal_ood:seed61:task5:state1,libero_goal_ood,5,1,61,put the wine bottle on the plate,gated_flow_head,False,False,300,300,False,60,600,0,66,0,150,150,28.604444917291403,1,astra-pi05-recipe-evaluation-20260927-1,adb88e7806b591cf29f029b0e0ca651d778c049515c0a8555f64cfcb14d99d06,62ef3a9f022c93f454f2364746bef124fb726963173c6b640bad8f79e4fde409
libero_goal_ood:seed61:task5:state2,libero_goal_ood,5,2,61,put the wine bottle on the plate,native,False,False,300,300,False,60,600,0,60,0,0,0,27.229323062114418,1,astra-pi05-recipe-evaluation-20260927-1,06f041b17c863971edf69ee6a12b5653ff734c7b5febf7e3b736c38890843113,436902d68c5f07616d4ad8235d10ca138140688f86653445c96fc65d38c445ba
libero_goal_ood:seed61:task5:state2,libero_goal_ood,5,2,61,put the wine bottle on the plate,recorded_schedule,True,True,115,300,False,23,230,0,23,0,0,115,13.356795816216618,1,astra-pi05-recipe-evaluation-20260927-1,06f041b17c863971edf69ee6a12b5653ff734c7b5febf7e3b736c38890843113,615a3118c9f4b71b3e41edb3b9b5e7b4d82950a1e8996bdffe829ad7709ba1fc
libero_goal_ood:seed61:task5:state2,libero_goal_ood,5,2,61,put the wine bottle on the plate,learned_selector,False,False,300,300,False,60,600,0,67,0,0,175,29.98614117782563,1,astra-pi05-recipe-evaluation-20260927-1,06f041b17c863971edf69ee6a12b5653ff734c7b5febf7e3b736c38890843113,19f5dc96d7c8bb5c114336b54b08bc12e67b1ff0ef26c2988b76418e95292e5b
libero_goal_ood:seed61:task5:state2,libero_goal_ood,5,2,61,put the wine bottle on the plate,flow_head,True,True,134,300,False,27,270,0,27,0,134,0,13.512024498078972,1,astra-pi05-recipe-evaluation-20260927-1,06f041b17c863971edf69ee6a12b5653ff734c7b5febf7e3b736c38890843113,558c2022f7784555818f71450173465ed33c3d4e8cbbb83a04754b9a7e9e48fa
libero_goal_ood:seed61:task5:state2,libero_goal_ood,5,2,61,put the wine bottle on the plate,gated_flow_head,True,True,124,300,False,25,250,0,28,0,74,74,13.074595442041755,1,astra-pi05-recipe-evaluation-20260927-1,06f041b17c863971edf69ee6a12b5653ff734c7b5febf7e3b736c38890843113,bb21568287f48b50a5cea53c00e30de7e22f5e0705f2a54bdd0f8b12317e798d
libero_goal_ood:seed61:task6:state1,libero_goal_ood,6,1,61,put the wine bottle in the bowl,native,False,False,300,300,False,60,600,0,60,0,0,0,27.626304873730987,1,astra-pi05-recipe-evaluation-20260927-1,a187b59f48fd5279a82bc17f6192ad016e114101c5df90444685616a122c5ec3,6b0d58c92fbb75e1129e04bc6e3404c2f32852fca22ac168c612522fc4e00a29
libero_goal_ood:seed61:task6:state1,libero_goal_ood,6,1,61,put the wine bottle in the bowl,recorded_schedule,True,True,50,300,False,10,100,0,10,0,0,50,7.204693578649312,1,astra-pi05-recipe-evaluation-20260927-1,a187b59f48fd5279a82bc17f6192ad016e114101c5df90444685616a122c5ec3,e46adbb93f90afa7822e89080ae066adade82a8fce5d61676b00d96f2e08f7c7
libero_goal_ood:seed61:task6:state1,libero_goal_ood,6,1,61,put the wine bottle in the bowl,learned_selector,False,False,300,300,False,60,600,0,63,0,0,75,29.338707929942757,1,astra-pi05-recipe-evaluation-20260927-1,a187b59f48fd5279a82bc17f6192ad016e114101c5df90444685616a122c5ec3,dfe16f6130766474e4401de8ac4c03a369c2a53fde1ea20f8b10a81fe4e78ab6
libero_goal_ood:seed61:task6:state1,libero_goal_ood,6,1,61,put the wine bottle in the bowl,flow_head,False,False,300,300,False,60,600,0,60,0,300,0,28.287330862134695,1,astra-pi05-recipe-evaluation-20260927-1,a187b59f48fd5279a82bc17f6192ad016e114101c5df90444685616a122c5ec3,bc9092fb772415835c667c2267da5f57aa2a3c493723ec2138ace92fa0d487fe
libero_goal_ood:seed61:task6:state1,libero_goal_ood,6,1,61,put the wine bottle in the bowl,gated_flow_head,False,False,300,300,False,60,600,0,71,0,275,275,30.310839746147394,1,astra-pi05-recipe-evaluation-20260927-1,a187b59f48fd5279a82bc17f6192ad016e114101c5df90444685616a122c5ec3,14359133038f0d23dccffbfdc86301f87100247a1d0011d6243d7dd96179c96d
libero_goal_ood:seed61:task6:state2,libero_goal_ood,6,2,61,put the wine bottle in the bowl,native,False,False,300,300,False,60,600,0,60,0,0,0,28.48004919476807,1,astra-pi05-recipe-evaluation-20260927-1,5e0af5a40089c891bce960a61976afb113e9e9b6fc0e3696ae6d66f8afe419b9,4cbc7bcf88e51fc3ac3fcf86d6a2b0181ee9e832a79c5fe25d930824933f1787
libero_goal_ood:seed61:task6:state2,libero_goal_ood,6,2,61,put the wine bottle in the bowl,recorded_schedule,True,True,82,300,False,17,170,0,17,0,0,82,10.482703499030322,1,astra-pi05-recipe-evaluation-20260927-1,5e0af5a40089c891bce960a61976afb113e9e9b6fc0e3696ae6d66f8afe419b9,368bacc4affe953047dc57352a152f94455ca15b526286c80cdf9ccd55091810
libero_goal_ood:seed61:task6:state2,libero_goal_ood,6,2,61,put the wine bottle in the bowl,learned_selector,False,False,300,300,False,60,600,0,71,0,0,275,33.12433812394738,1,astra-pi05-recipe-evaluation-20260927-1,5e0af5a40089c891bce960a61976afb113e9e9b6fc0e3696ae6d66f8afe419b9,f69926664316c25d7d63a418ebe84b72c2f3cb2c8370178e4b89808a35d234fb
libero_goal_ood:seed61:task6:state2,libero_goal_ood,6,2,61,put the wine bottle in the bowl,flow_head,False,False,300,300,False,60,600,0,60,0,300,0,28.672885465901345,1,astra-pi05-recipe-evaluation-20260927-1,5e0af5a40089c891bce960a61976afb113e9e9b6fc0e3696ae6d66f8afe419b9,744bf881904efab26699a943eda5bbdbcdd1f23cb62e2369f3ef6e25f92a9a64
libero_goal_ood:seed61:task6:state2,libero_goal_ood,6,2,61,put the wine bottle in the bowl,gated_flow_head,False,False,300,300,False,60,600,0,72,0,300,300,30.986466909758747,1,astra-pi05-recipe-evaluation-20260927-1,5e0af5a40089c891bce960a61976afb113e9e9b6fc0e3696ae6d66f8afe419b9,1cc6151d8a05707e9cbc17729d7e8b56588cd383ab909a6609f4de08da97b769
libero_goal_ood:seed61:task7:state1,libero_goal_ood,7,1,61,put the cream cheese on the plate,native,True,True,91,300,False,19,190,0,19,0,0,0,10.150745251681656,1,astra-pi05-recipe-evaluation-20260927-1,2019bb36da4a80b8c7585ad50c5e60ee177668f8c22bad3cc246896d092e1c5b,39bcdfb2d8b14551b0692a9f2a839ae8671b21c4c48bba77f333abd6d2079be9
libero_goal_ood:seed61:task7:state1,libero_goal_ood,7,1,61,put the cream cheese on the plate,recorded_schedule,True,True,130,300,False,26,260,0,26,0,0,130,15.579111201222986,1,astra-pi05-recipe-evaluation-20260927-1,2019bb36da4a80b8c7585ad50c5e60ee177668f8c22bad3cc246896d092e1c5b,287e9ac9e9e40e03a6bb9047309e9d69a1a815d6fec4b23b0d8150fd94e88554
libero_goal_ood:seed61:task7:state1,libero_goal_ood,7,1,61,put the cream cheese on the plate,learned_selector,True,True,91,300,False,19,190,0,19,0,0,0,10.384503601118922,1,astra-pi05-recipe-evaluation-20260927-1,2019bb36da4a80b8c7585ad50c5e60ee177668f8c22bad3cc246896d092e1c5b,4fd9ca72f4d0a3147304c7b22f822b5558e54e86e22e38c77465f6365ec45753
libero_goal_ood:seed61:task7:state1,libero_goal_ood,7,1,61,put the cream cheese on the plate,flow_head,False,False,300,300,False,60,600,0,60,0,300,0,28.78002286935225,1,astra-pi05-recipe-evaluation-20260927-1,2019bb36da4a80b8c7585ad50c5e60ee177668f8c22bad3cc246896d092e1c5b,838abe8db43b1b2dd50c5b49a0d582000b8ec0dd16f2587e58c307a1bdb73a5d
libero_goal_ood:seed61:task7:state1,libero_goal_ood,7,1,61,put the cream cheese on the plate,gated_flow_head,True,True,91,300,False,19,190,0,19,0,0,0,10.251601180061698,1,astra-pi05-recipe-evaluation-20260927-1,2019bb36da4a80b8c7585ad50c5e60ee177668f8c22bad3cc246896d092e1c5b,fff22087d983e63a35e48e2fa05b0d45fdd262dd4d173974fe131dbfa15dd501
libero_goal_ood:seed61:task7:state2,libero_goal_ood,7,2,61,put the cream cheese on the plate,native,False,False,300,300,False,60,600,0,60,0,0,0,28.266685244161636,1,astra-pi05-recipe-evaluation-20260927-1,3a20ec6b08b2d9b2d3274751d0a032f0de604329843e6adca0cbc354764b6716,71d5db48f486b2293252a68f4b6109b142209f61fcf61ce84ae68f9659add9a4
libero_goal_ood:seed61:task7:state2,libero_goal_ood,7,2,61,put the cream cheese on the plate,recorded_schedule,False,False,300,300,False,60,600,0,60,0,0,300,33.32808711891994,1,astra-pi05-recipe-evaluation-20260927-1,3a20ec6b08b2d9b2d3274751d0a032f0de604329843e6adca0cbc354764b6716,fce8a99236171094e9951ae7d606b11c09ca55cd671ba564941a5c49f1439e9d
libero_goal_ood:seed61:task7:state2,libero_goal_ood,7,2,61,put the cream cheese on the plate,learned_selector,False,False,300,300,False,60,600,0,62,0,0,50,29.480650421697646,1,astra-pi05-recipe-evaluation-20260927-1,3a20ec6b08b2d9b2d3274751d0a032f0de604329843e6adca0cbc354764b6716,c7e2082dee53dc49a9dd5b5c87d1058503f45fb4f200b36fcb46645074f9aad8
libero_goal_ood:seed61:task7:state2,libero_goal_ood,7,2,61,put the cream cheese on the plate,flow_head,False,False,300,300,False,60,600,0,60,0,300,0,28.71501097129658,1,astra-pi05-recipe-evaluation-20260927-1,3a20ec6b08b2d9b2d3274751d0a032f0de604329843e6adca0cbc354764b6716,556ec2d72547059db96f2c712ece5e6f8064ec9d269ad662ed9231eb804b9b0e
libero_goal_ood:seed61:task7:state2,libero_goal_ood,7,2,61,put the cream cheese on the plate,gated_flow_head,False,False,300,300,False,60,600,0,64,0,100,100,29.576693199109286,1,astra-pi05-recipe-evaluation-20260927-1,3a20ec6b08b2d9b2d3274751d0a032f0de604329843e6adca0cbc354764b6716,c4060c41a47fb90b103ebb89fe40b60d4fa02079fddec5335805129a5b94ade0
libero_goal_ood:seed61:task8:state1,libero_goal_ood,8,1,61,put the cream cheese on the stove,native,False,False,300,300,False,60,600,0,60,0,0,0,28.318303753156215,1,astra-pi05-recipe-evaluation-20260927-1,1b8134487c61ece29d491447a5892bf61c1560c648d745e9f2943386dc470ccc,4294e8eb00c9e87fbf100fef6c72b60b22ad087d0c97d5c6275f28861bc3ea83
libero_goal_ood:seed61:task8:state1,libero_goal_ood,8,1,61,put the cream cheese on the stove,recorded_schedule,False,False,300,300,False,60,600,0,60,0,0,0,28.199664449319243,1,astra-pi05-recipe-evaluation-20260927-1,1b8134487c61ece29d491447a5892bf61c1560c648d745e9f2943386dc470ccc,90606f8abd5a87bf2f066f8f2587cc717cd375eeeb48490221b241dab3cca284
libero_goal_ood:seed61:task8:state1,libero_goal_ood,8,1,61,put the cream cheese on the stove,learned_selector,False,False,300,300,False,60,600,0,60,0,0,0,28.679123195819557,1,astra-pi05-recipe-evaluation-20260927-1,1b8134487c61ece29d491447a5892bf61c1560c648d745e9f2943386dc470ccc,230907dce74b231c91ec3ebc195827c426182f02866d8f55fc7b0c036da49ac8
libero_goal_ood:seed61:task8:state1,libero_goal_ood,8,1,61,put the cream cheese on the stove,flow_head,False,False,300,300,False,60,600,0,60,0,300,0,28.318907882086933,1,astra-pi05-recipe-evaluation-20260927-1,1b8134487c61ece29d491447a5892bf61c1560c648d745e9f2943386dc470ccc,0bc0f8a1ab066506edca52622b90ce20f4f43c4e6b7267399b44c8f157e9667b
libero_goal_ood:seed61:task8:state1,libero_goal_ood,8,1,61,put the cream cheese on the stove,gated_flow_head,False,False,300,300,False,60,600,0,60,0,0,0,28.347241363022476,1,astra-pi05-recipe-evaluation-20260927-1,1b8134487c61ece29d491447a5892bf61c1560c648d745e9f2943386dc470ccc,d7a186b29328b1c403a71572732dfcd7c1152c878d2240c19a928d3cde1521a3
libero_goal_ood:seed61:task8:state2,libero_goal_ood,8,2,61,put the cream cheese on the stove,native,False,False,300,300,False,60,600,0,60,0,0,0,28.079440753906965,1,astra-pi05-recipe-evaluation-20260927-1,17ac8d1c34ba9f7319b66280c6ef5c0d3d057d9e39bf3111bd20ce012675d7fb,20eb57548d46d9f88dddbbad0a5f8be684f8543a730095743b1a18538bb1aa43
libero_goal_ood:seed61:task8:state2,libero_goal_ood,8,2,61,put the cream cheese on the stove,recorded_schedule,False,False,300,300,False,60,600,0,60,0,0,0,28.205711761955172,1,astra-pi05-recipe-evaluation-20260927-1,17ac8d1c34ba9f7319b66280c6ef5c0d3d057d9e39bf3111bd20ce012675d7fb,8d1a3b5704f103f70d92d427ec0b1320e33f3c3ed3fa5a7fe7979288e40027a8
libero_goal_ood:seed61:task8:state2,libero_goal_ood,8,2,61,put the cream cheese on the stove,learned_selector,False,False,300,300,False,60,600,0,61,0,0,25,28.734685517847538,1,astra-pi05-recipe-evaluation-20260927-1,17ac8d1c34ba9f7319b66280c6ef5c0d3d057d9e39bf3111bd20ce012675d7fb,a1e1e831906d00679e67a01cbfb1f664df87cf5e7d4ef9959eae690525936943
libero_goal_ood:seed61:task8:state2,libero_goal_ood,8,2,61,put the cream cheese on the stove,flow_head,False,False,300,300,False,60,600,0,60,0,300,0,29.427004800643772,1,astra-pi05-recipe-evaluation-20260927-1,17ac8d1c34ba9f7319b66280c6ef5c0d3d057d9e39bf3111bd20ce012675d7fb,b8cfe53be68c635ff8f8fdce940f21957d33a5de79679cd786e9e245ce9dfdde
libero_goal_ood:seed61:task8:state2,libero_goal_ood,8,2,61,put the cream cheese on the stove,gated_flow_head,False,False,300,300,False,60,600,0,61,0,25,25,29.012315285857767,1,astra-pi05-recipe-evaluation-20260927-1,17ac8d1c34ba9f7319b66280c6ef5c0d3d057d9e39bf3111bd20ce012675d7fb,e7fbec61c6fcf0f1d1deffaa6ea5913ad65d75b89dea4d5a46c4417f7efdadd0
libero_goal_ood:seed61:task9:state1,libero_goal_ood,9,1,61,put the cream cheese on top of the cabinet,native,True,True,150,300,False,30,300,0,30,0,0,0,14.832815582863986,1,astra-pi05-recipe-evaluation-20260927-1,a4c9399120de0df625ee7649c1e8aa123ff46d514cb708564341fc37a5df51c2,865541a5c1ea1d7ffa64e48f5e29831a6b1bfdd1b33d441e2da7b1793cc82bad
libero_goal_ood:seed61:task9:state1,libero_goal_ood,9,1,61,put the cream cheese on top of the cabinet,recorded_schedule,True,True,150,300,False,30,300,0,30,0,0,0,14.89387087803334,1,astra-pi05-recipe-evaluation-20260927-1,a4c9399120de0df625ee7649c1e8aa123ff46d514cb708564341fc37a5df51c2,3fdb15598f7a6d9d8e65aaba326e7051f3ff7035f72ec3ff7c2a863512c81601
libero_goal_ood:seed61:task9:state1,libero_goal_ood,9,1,61,put the cream cheese on top of the cabinet,learned_selector,True,True,150,300,False,30,300,0,30,0,0,0,14.844538903795183,1,astra-pi05-recipe-evaluation-20260927-1,a4c9399120de0df625ee7649c1e8aa123ff46d514cb708564341fc37a5df51c2,58e6ce91f7519bec6d9220474313bdb2998f539026e2a68ca5e0e6398be29784
libero_goal_ood:seed61:task9:state1,libero_goal_ood,9,1,61,put the cream cheese on top of the cabinet,flow_head,True,True,159,300,False,32,320,0,32,0,159,0,15.814781566150486,1,astra-pi05-recipe-evaluation-20260927-1,a4c9399120de0df625ee7649c1e8aa123ff46d514cb708564341fc37a5df51c2,ae51c0a6ce2f4cd9890ca55456d1ab1c5083ad6b37d7a8cf59a2be0bb98f5a6e
libero_goal_ood:seed61:task9:state1,libero_goal_ood,9,1,61,put the cream cheese on top of the cabinet,gated_flow_head,True,True,150,300,False,30,300,0,30,0,0,0,14.67744131013751,1,astra-pi05-recipe-evaluation-20260927-1,a4c9399120de0df625ee7649c1e8aa123ff46d514cb708564341fc37a5df51c2,dbd44618d92952458e49be32835d44a75859f3d5e466c3e367c2ec7a08823700
libero_goal_ood:seed61:task9:state2,libero_goal_ood,9,2,61,put the cream cheese on top of the cabinet,native,True,True,107,300,False,22,220,0,22,0,0,0,11.274866878986359,1,astra-pi05-recipe-evaluation-20260927-1,2b1ecc7b3cafd7e0cf46592a613f0926b3c3a9fd3e30cb271067d08b2333ed62,eb9df45fa7e9ec5d80dac59c37dba573660f90f86a1c7624983e7bb6fe43d9af
libero_goal_ood:seed61:task9:state2,libero_goal_ood,9,2,61,put the cream cheese on top of the cabinet,recorded_schedule,True,True,107,300,False,22,220,0,22,0,0,0,11.245229301042855,1,astra-pi05-recipe-evaluation-20260927-1,2b1ecc7b3cafd7e0cf46592a613f0926b3c3a9fd3e30cb271067d08b2333ed62,c310965bf9b7ff8c18e716b54ede8fe44fd13c71a57d1b54390c3d65da547f98
libero_goal_ood:seed61:task9:state2,libero_goal_ood,9,2,61,put the cream cheese on top of the cabinet,learned_selector,True,True,107,300,False,22,220,0,22,0,0,0,11.627621841151267,1,astra-pi05-recipe-evaluation-20260927-1,2b1ecc7b3cafd7e0cf46592a613f0926b3c3a9fd3e30cb271067d08b2333ed62,00944269cd409aef7d344b9c513d3b66b56286afc2f10e7cdb7032b3c2441d3c
libero_goal_ood:seed61:task9:state2,libero_goal_ood,9,2,61,put the cream cheese on top of the cabinet,flow_head,True,True,151,300,False,31,310,0,31,0,151,0,15.750410029198974,1,astra-pi05-recipe-evaluation-20260927-1,2b1ecc7b3cafd7e0cf46592a613f0926b3c3a9fd3e30cb271067d08b2333ed62,67f5210142ea1e002273d9af31d064c22fb53b6facc52ac5be82a2ebd1adb36b
libero_goal_ood:seed61:task9:state2,libero_goal_ood,9,2,61,put the cream cheese on top of the cabinet,gated_flow_head,True,True,107,300,False,22,220,0,22,0,0,0,11.412884542252868,1,astra-pi05-recipe-evaluation-20260927-1,2b1ecc7b3cafd7e0cf46592a613f0926b3c3a9fd3e30cb271067d08b2333ed62,366ea0c3b9596b20c0e6f8f2f9cff69cba23916b36a2138c401142632816bd37
libero_spatial_ood:seed61:task0:state1,libero_spatial_ood,0,1,61,put the butter on the plate,native,True,True,86,300,False,18,180,30,18,3,0,0,17.44271384505555,2,astra-pi05-recipe-evaluation-20260927-1,18d0b95ffb63c88c3ffed3486df09bf3a0b2eac59128457f603206e42e759057,7481db1e98eca57da63fa4193aa02288f365dd325b43561b71c17e5a707e7c5f
libero_spatial_ood:seed61:task0:state1,libero_spatial_ood,0,1,61,put the butter on the plate,recorded_schedule,True,True,86,300,False,18,180,0,18,0,0,0,9.862977194134146,2,astra-pi05-recipe-evaluation-20260927-1,18d0b95ffb63c88c3ffed3486df09bf3a0b2eac59128457f603206e42e759057,10d5e96d5ac314b229f0807886650e8927955a6468a76adba8f496100901f809
libero_spatial_ood:seed61:task0:state1,libero_spatial_ood,0,1,61,put the butter on the plate,learned_selector,True,True,86,300,False,18,180,0,18,0,0,0,10.069058353081346,2,astra-pi05-recipe-evaluation-20260927-1,18d0b95ffb63c88c3ffed3486df09bf3a0b2eac59128457f603206e42e759057,4e07614f0e7832698faa689336e4631f9bebff722161c65ddc650554350f5d71
libero_spatial_ood:seed61:task0:state1,libero_spatial_ood,0,1,61,put the butter on the plate,flow_head,True,True,85,300,False,17,170,0,17,0,85,0,9.75205965526402,2,astra-pi05-recipe-evaluation-20260927-1,18d0b95ffb63c88c3ffed3486df09bf3a0b2eac59128457f603206e42e759057,7164acf5b32f79db21981b4defa7a8e7e66c90ac76812c23b7adde1566604216
libero_spatial_ood:seed61:task0:state1,libero_spatial_ood,0,1,61,put the butter on the plate,gated_flow_head,True,True,86,300,False,18,180,0,18,0,0,0,10.481252949219197,2,astra-pi05-recipe-evaluation-20260927-1,18d0b95ffb63c88c3ffed3486df09bf3a0b2eac59128457f603206e42e759057,c69227608f8250c65b11b9f55c22f1dfdf9ab7d89ed60bfb7c8ab36d9a710880
libero_spatial_ood:seed61:task0:state2,libero_spatial_ood,0,2,61,put the butter on the plate,native,True,True,86,300,False,18,180,0,18,0,0,0,10.449296738021076,2,astra-pi05-recipe-evaluation-20260927-1,c677477e18ea47bfa07b92120358999917a194bce50bf0c8cc42218aa01bf98d,539bef064aa4a8e63a7b38bfc54e41ef4c9f5aaf733d07918a53e952a4d06579
libero_spatial_ood:seed61:task0:state2,libero_spatial_ood,0,2,61,put the butter on the plate,recorded_schedule,True,True,86,300,False,18,180,0,18,0,0,0,10.322309505660087,2,astra-pi05-recipe-evaluation-20260927-1,c677477e18ea47bfa07b92120358999917a194bce50bf0c8cc42218aa01bf98d,acbee42e83f15ec589f74932f9dc54a4c64210f23269605998334296acefb9aa
libero_spatial_ood:seed61:task0:state2,libero_spatial_ood,0,2,61,put the butter on the plate,learned_selector,True,True,86,300,False,18,180,0,18,0,0,0,10.25079851411283,2,astra-pi05-recipe-evaluation-20260927-1,c677477e18ea47bfa07b92120358999917a194bce50bf0c8cc42218aa01bf98d,5fe1e0dba3d0544ccaa19b9a156bc3df23c3a7cd038770cc950ca9c56af42a63
libero_spatial_ood:seed61:task0:state2,libero_spatial_ood,0,2,61,put the butter on the plate,flow_head,True,True,86,300,False,18,180,0,18,0,86,0,10.4150296789594,2,astra-pi05-recipe-evaluation-20260927-1,c677477e18ea47bfa07b92120358999917a194bce50bf0c8cc42218aa01bf98d,a2a6582ccc773c024af6ac542a0ddd641770bee07657575be9c3e12229c12c1a
libero_spatial_ood:seed61:task0:state2,libero_spatial_ood,0,2,61,put the butter on the plate,gated_flow_head,True,True,86,300,False,18,180,0,18,0,0,0,10.207154381088912,2,astra-pi05-recipe-evaluation-20260927-1,c677477e18ea47bfa07b92120358999917a194bce50bf0c8cc42218aa01bf98d,9a97aab1b1d9e3d2b9308faeb4c411ea725750f5ec7ad85e62edbd3493d24bbf
libero_spatial_ood:seed61:task1:state1,libero_spatial_ood,1,1,61,put the chocolate pudding on the plate,native,True,True,99,300,False,20,200,0,20,0,0,0,11.529614932835102,2,astra-pi05-recipe-evaluation-20260927-1,7f0425040da8d31a563aaf83531b35f0c85d28fb5419c8f1a76369570c68626b,a0ce402f6d1d4c4b671d158b591a0938e39f4018aecb9d24bc55b53bd904aabc
libero_spatial_ood:seed61:task1:state1,libero_spatial_ood,1,1,61,put the chocolate pudding on the plate,recorded_schedule,True,True,99,300,False,20,200,0,20,0,0,0,11.216542493086308,2,astra-pi05-recipe-evaluation-20260927-1,7f0425040da8d31a563aaf83531b35f0c85d28fb5419c8f1a76369570c68626b,4260530230f4167a495a04a48b354cf420e1fd08bd0e9858837760a78eddff99
libero_spatial_ood:seed61:task1:state1,libero_spatial_ood,1,1,61,put the chocolate pudding on the plate,learned_selector,True,True,99,300,False,20,200,0,20,0,0,0,11.230555329006165,2,astra-pi05-recipe-evaluation-20260927-1,7f0425040da8d31a563aaf83531b35f0c85d28fb5419c8f1a76369570c68626b,f5c33510ee8221ef6faf7b6d5e27f09d20d912e1f71bebdac9f94ef120ad17bd
libero_spatial_ood:seed61:task1:state1,libero_spatial_ood,1,1,61,put the chocolate pudding on the plate,flow_head,True,True,105,300,False,21,210,0,21,0,105,0,11.81918883183971,2,astra-pi05-recipe-evaluation-20260927-1,7f0425040da8d31a563aaf83531b35f0c85d28fb5419c8f1a76369570c68626b,120f18cb23b19f698fdfb90cb0eb5e8e823c8b320ac92e108979f2e48462e2c1
libero_spatial_ood:seed61:task1:state1,libero_spatial_ood,1,1,61,put the chocolate pudding on the plate,gated_flow_head,True,True,99,300,False,20,200,0,20,0,0,0,11.478598739951849,2,astra-pi05-recipe-evaluation-20260927-1,7f0425040da8d31a563aaf83531b35f0c85d28fb5419c8f1a76369570c68626b,6645645db0a1f7a46df6681e58d59c15592a104b21069a568b5920f2157e3a92
libero_spatial_ood:seed61:task1:state2,libero_spatial_ood,1,2,61,put the chocolate pudding on the plate,native,True,True,83,300,False,17,170,0,17,0,0,0,9.91317997733131,2,astra-pi05-recipe-evaluation-20260927-1,c02993c75bd78eee2d1d483482c15c224fbd0d8081f7f055d0c319e7eef1b62f,65a53a1556e922a89f1ed86dcd93379782fd20ec88cad017bdc601f0d1a39f23
libero_spatial_ood:seed61:task1:state2,libero_spatial_ood,1,2,61,put the chocolate pudding on the plate,recorded_schedule,True,True,83,300,False,17,170,0,17,0,0,0,9.891208929009736,2,astra-pi05-recipe-evaluation-20260927-1,c02993c75bd78eee2d1d483482c15c224fbd0d8081f7f055d0c319e7eef1b62f,7878426d82eb33217d9e98628346f838b6bfd388f8067311cc5c517b60707921
libero_spatial_ood:seed61:task1:state2,libero_spatial_ood,1,2,61,put the chocolate pudding on the plate,learned_selector,True,True,83,300,False,17,170,0,17,0,0,0,9.983367659151554,2,astra-pi05-recipe-evaluation-20260927-1,c02993c75bd78eee2d1d483482c15c224fbd0d8081f7f055d0c319e7eef1b62f,e326c9cd47964ac9162abe6cdb2869cbdcb674d02d54f610a9c39f399242ab40
libero_spatial_ood:seed61:task1:state2,libero_spatial_ood,1,2,61,put the chocolate pudding on the plate,flow_head,True,True,89,300,False,18,180,0,18,0,89,0,10.673081453889608,2,astra-pi05-recipe-evaluation-20260927-1,c02993c75bd78eee2d1d483482c15c224fbd0d8081f7f055d0c319e7eef1b62f,1ade5dbc4aa727be8ca8bce93fef5b2cd5559ad19187fa9981d509ca34638b20
libero_spatial_ood:seed61:task1:state2,libero_spatial_ood,1,2,61,put the chocolate pudding on the plate,gated_flow_head,True,True,83,300,False,17,170,0,17,0,0,0,9.904674496036023,2,astra-pi05-recipe-evaluation-20260927-1,c02993c75bd78eee2d1d483482c15c224fbd0d8081f7f055d0c319e7eef1b62f,8c000eefe54570cf83f12339669d6043cfa23d50e595288b7efc17091dda8a19
libero_spatial_ood:seed61:task2:state1,libero_spatial_ood,2,1,61,put the milk on the plate,native,False,False,300,300,False,60,600,0,60,0,0,0,29.5344908637926,2,astra-pi05-recipe-evaluation-20260927-1,a8e780b55821f9412b588a28ebde3cce887389e4a5b27a97853e98fe6382d6f5,6f3b8ac56cab9e2d561f0f5b33c5577022b53cb98108ea52be97a813dd9a9c01
libero_spatial_ood:seed61:task2:state1,libero_spatial_ood,2,1,61,put the milk on the plate,recorded_schedule,True,True,110,300,False,22,220,0,22,0,0,110,14.35522188898176,2,astra-pi05-recipe-evaluation-20260927-1,a8e780b55821f9412b588a28ebde3cce887389e4a5b27a97853e98fe6382d6f5,8c2474a929be114df3ba68cf95b54825ef7df98f34aa8c7cc44b97ff6190436b
libero_spatial_ood:seed61:task2:state1,libero_spatial_ood,2,1,61,put the milk on the plate,learned_selector,True,True,103,300,False,21,210,0,26,0,0,103,14.350092818960547,2,astra-pi05-recipe-evaluation-20260927-1,a8e780b55821f9412b588a28ebde3cce887389e4a5b27a97853e98fe6382d6f5,c917f683294e67a861e5f2e06c200c646ef1ebf79aaa3a0b83128c821eb09de0
libero_spatial_ood:seed61:task2:state1,libero_spatial_ood,2,1,61,put the milk on the plate,flow_head,False,False,300,300,False,60,600,0,60,0,300,0,30.093384641688317,2,astra-pi05-recipe-evaluation-20260927-1,a8e780b55821f9412b588a28ebde3cce887389e4a5b27a97853e98fe6382d6f5,5a1868ce75b1b9d1dad913730c51614da62432d6f287ce951cab8bdaf8f4580a
libero_spatial_ood:seed61:task2:state1,libero_spatial_ood,2,1,61,put the milk on the plate,gated_flow_head,False,False,300,300,False,60,600,0,64,0,100,100,30.482211811002344,2,astra-pi05-recipe-evaluation-20260927-1,a8e780b55821f9412b588a28ebde3cce887389e4a5b27a97853e98fe6382d6f5,5f404bcdc4e33a161f332c0c5ca81c416da1485fa09f9e0084dc0556ceaa1c0d
libero_spatial_ood:seed61:task2:state2,libero_spatial_ood,2,2,61,put the milk on the plate,native,False,False,300,300,False,60,600,0,60,0,0,0,29.630129401106387,2,astra-pi05-recipe-evaluation-20260927-1,a292caf6a508bfe7757cf0c220b05e1b3ad4a98e27f4a4c76d23763bce8372d4,70d5f5708719d3f9393517e67db9a4f7fbdf411d5356521ce2216960de8f8340
libero_spatial_ood:seed61:task2:state2,libero_spatial_ood,2,2,61,put the milk on the plate,recorded_schedule,True,True,115,300,False,23,230,0,23,0,0,115,14.440617645159364,2,astra-pi05-recipe-evaluation-20260927-1,a292caf6a508bfe7757cf0c220b05e1b3ad4a98e27f4a4c76d23763bce8372d4,2c6e1da196064b7b628cce87f55ec2236cf5f036ff5df87ef3d67d48b7259a58
libero_spatial_ood:seed61:task2:state2,libero_spatial_ood,2,2,61,put the milk on the plate,learned_selector,False,False,300,300,False,60,600,0,61,0,0,25,30.375327298417687,2,astra-pi05-recipe-evaluation-20260927-1,a292caf6a508bfe7757cf0c220b05e1b3ad4a98e27f4a4c76d23763bce8372d4,e6eeaeb824a1f7f95ecac623e36ce4479f01492e6e447b794b9c9d36814ef34f
libero_spatial_ood:seed61:task2:state2,libero_spatial_ood,2,2,61,put the milk on the plate,flow_head,False,False,300,300,False,60,600,0,60,0,300,0,30.177917959168553,2,astra-pi05-recipe-evaluation-20260927-1,a292caf6a508bfe7757cf0c220b05e1b3ad4a98e27f4a4c76d23763bce8372d4,510b592774ac5df74bb9b17f6228d2613d5dd8efe68cf5cf31a6e02b3d20481d
libero_spatial_ood:seed61:task2:state2,libero_spatial_ood,2,2,61,put the milk on the plate,gated_flow_head,False,False,300,300,False,60,600,0,62,0,50,50,30.16188284009695,2,astra-pi05-recipe-evaluation-20260927-1,a292caf6a508bfe7757cf0c220b05e1b3ad4a98e27f4a4c76d23763bce8372d4,b99693a4396aa5888515fb5d88efd361d80833380f6ede0270e9c874e34ff2d7
libero_spatial_ood:seed61:task3:state1,libero_spatial_ood,3,1,61,put the orange juice on the plate,native,True,True,93,300,False,19,190,0,19,0,0,0,11.25318756280467,2,astra-pi05-recipe-evaluation-20260927-1,c03c673bca993dc499256740cbbc3b917c827ee732d61754fb077fc2b3e6e86b,554adcd38e087f0e82b5daf9ae489b3c81a9d0d46f8814101081995808209bc5
libero_spatial_ood:seed61:task3:state1,libero_spatial_ood,3,1,61,put the orange juice on the plate,recorded_schedule,True,True,93,300,False,19,190,0,19,0,0,0,11.217131642624736,2,astra-pi05-recipe-evaluation-20260927-1,c03c673bca993dc499256740cbbc3b917c827ee732d61754fb077fc2b3e6e86b,6d3e17fce8811e5e66abc48ff8bc169aab79538b4805b46481a7516e28ab0999
libero_spatial_ood:seed61:task3:state1,libero_spatial_ood,3,1,61,put the orange juice on the plate,learned_selector,True,True,93,300,False,19,190,0,19,0,0,0,10.943903561215848,2,astra-pi05-recipe-evaluation-20260927-1,c03c673bca993dc499256740cbbc3b917c827ee732d61754fb077fc2b3e6e86b,62acf0675c69f7d5237eb16b394c62171fc32474805099f819762eb4f6feed73
libero_spatial_ood:seed61:task3:state1,libero_spatial_ood,3,1,61,put the orange juice on the plate,flow_head,True,True,97,300,False,20,200,0,20,0,97,0,11.658026355784386,2,astra-pi05-recipe-evaluation-20260927-1,c03c673bca993dc499256740cbbc3b917c827ee732d61754fb077fc2b3e6e86b,0850f70a8bd6ea023dd516a5522056e54b133e490ca956e0343eecdc1005e422
libero_spatial_ood:seed61:task3:state1,libero_spatial_ood,3,1,61,put the orange juice on the plate,gated_flow_head,True,True,93,300,False,19,190,0,19,0,0,0,10.92615464515984,2,astra-pi05-recipe-evaluation-20260927-1,c03c673bca993dc499256740cbbc3b917c827ee732d61754fb077fc2b3e6e86b,3e3314b8604992d10be45b42f1cddd03a30aaade2c4bd2f58061717a36c0af2c
libero_spatial_ood:seed61:task3:state2,libero_spatial_ood,3,2,61,put the orange juice on the plate,native,True,True,86,300,False,18,180,0,18,0,0,0,10.705757338088006,2,astra-pi05-recipe-evaluation-20260927-1,1f337b51d6fbaa0038f678310f8a883f92b803e01a864ac74417ed966854ac67,af79be6699e008ef5a6667c234d71c9701cf89117b9cf4727585c82a24683e60
libero_spatial_ood:seed61:task3:state2,libero_spatial_ood,3,2,61,put the orange juice on the plate,recorded_schedule,True,True,86,300,False,18,180,0,18,0,0,0,10.474464419763535,2,astra-pi05-recipe-evaluation-20260927-1,1f337b51d6fbaa0038f678310f8a883f92b803e01a864ac74417ed966854ac67,7069824af25722ca5c49285c26d41c6cc32efd816a60cc7c0a68ee411c42f9b4
libero_spatial_ood:seed61:task3:state2,libero_spatial_ood,3,2,61,put the orange juice on the plate,learned_selector,True,True,86,300,False,18,180,0,18,0,0,0,10.693734896369278,2,astra-pi05-recipe-evaluation-20260927-1,1f337b51d6fbaa0038f678310f8a883f92b803e01a864ac74417ed966854ac67,47599d5930ba5d674ef61f88c5cc90bb66ec66f578a27a16f8d3d493c19868cf
libero_spatial_ood:seed61:task3:state2,libero_spatial_ood,3,2,61,put the orange juice on the plate,flow_head,True,True,91,300,False,19,190,0,19,0,91,0,11.077948161866516,2,astra-pi05-recipe-evaluation-20260927-1,1f337b51d6fbaa0038f678310f8a883f92b803e01a864ac74417ed966854ac67,a5e219053ceaa743b43ef882143cedc95a509eb836113cc3e12fb66ba1364612
libero_spatial_ood:seed61:task3:state2,libero_spatial_ood,3,2,61,put the orange juice on the plate,gated_flow_head,True,True,86,300,False,18,180,0,18,0,0,0,10.423136512283236,2,astra-pi05-recipe-evaluation-20260927-1,1f337b51d6fbaa0038f678310f8a883f92b803e01a864ac74417ed966854ac67,3c2033c54ef037bc52b07e3ee8719014cb822b8c8bde39017565023e4a77df77
libero_spatial_ood:seed61:task4:state1,libero_spatial_ood,4,1,61,put the bowl on cookie box on the stove,native,False,False,300,300,False,60,600,0,60,0,0,0,29.46340291807428,2,astra-pi05-recipe-evaluation-20260927-1,292153cc1c63cd21d74709c85d585b05d3c820a1e027cfa905476551b4c5fc14,2edac1150ef4a8c183beb597a6685e8dca17c5f1e4e1c0cb09939d79459f33e8
libero_spatial_ood:seed61:task4:state1,libero_spatial_ood,4,1,61,put the bowl on cookie box on the stove,recorded_schedule,False,False,300,300,False,60,600,0,60,0,0,0,29.347669476177543,2,astra-pi05-recipe-evaluation-20260927-1,292153cc1c63cd21d74709c85d585b05d3c820a1e027cfa905476551b4c5fc14,bedac182c092631b0f539d323b6feff41c39fa0202bca551f3646858f0a068ec
libero_spatial_ood:seed61:task4:state1,libero_spatial_ood,4,1,61,put the bowl on cookie box on the stove,learned_selector,False,False,300,300,False,60,600,0,70,0,0,250,32.96618908364326,2,astra-pi05-recipe-evaluation-20260927-1,292153cc1c63cd21d74709c85d585b05d3c820a1e027cfa905476551b4c5fc14,1568173b7f98e2573e4c1abe9a66400fb1830c14dd8694417ac8f8abadc0ecbb
libero_spatial_ood:seed61:task4:state1,libero_spatial_ood,4,1,61,put the bowl on cookie box on the stove,flow_head,False,False,300,300,False,60,600,0,60,0,300,0,32.435751638840884,2,astra-pi05-recipe-evaluation-20260927-1,292153cc1c63cd21d74709c85d585b05d3c820a1e027cfa905476551b4c5fc14,1dc624bb5c6d5edd34616ecec620732918d3099fdc380f77a5fc1822049f8154
libero_spatial_ood:seed61:task4:state1,libero_spatial_ood,4,1,61,put the bowl on cookie box on the stove,gated_flow_head,False,False,300,300,False,60,600,0,65,0,125,125,32.088998712133616,2,astra-pi05-recipe-evaluation-20260927-1,292153cc1c63cd21d74709c85d585b05d3c820a1e027cfa905476551b4c5fc14,001a2eeb4af2af645ade4131bf8b56aeff8f922755bf020a8366df526e0dac2f
libero_spatial_ood:seed61:task4:state2,libero_spatial_ood,4,2,61,put the bowl on cookie box on the stove,native,False,False,300,300,False,60,600,0,60,0,0,0,29.207131904084235,2,astra-pi05-recipe-evaluation-20260927-1,6dc7bb982841f247614fe9fcbaff917d16fe8939c6ac4b578a35a3cd139fe62b,c1a6cae8ba3995426589ec57d52a2dd916a77cf2a37dbcb4d5509762500e0372
libero_spatial_ood:seed61:task4:state2,libero_spatial_ood,4,2,61,put the bowl on cookie box on the stove,recorded_schedule,False,False,300,300,False,60,600,0,60,0,0,0,29.549992554821074,2,astra-pi05-recipe-evaluation-20260927-1,6dc7bb982841f247614fe9fcbaff917d16fe8939c6ac4b578a35a3cd139fe62b,37f2b65cf7e01ba1ed7dd0dfb2495dfdb2fc92992af6684413b236362d4b02b0
libero_spatial_ood:seed61:task4:state2,libero_spatial_ood,4,2,61,put the bowl on cookie box on the stove,learned_selector,False,False,300,300,False,60,600,0,71,0,0,275,33.18863920168951,2,astra-pi05-recipe-evaluation-20260927-1,6dc7bb982841f247614fe9fcbaff917d16fe8939c6ac4b578a35a3cd139fe62b,77b92e9059817c31641d555e2f2ea80278b82c7e0bc501019614f99e5d06ff5b
libero_spatial_ood:seed61:task4:state2,libero_spatial_ood,4,2,61,put the bowl on cookie box on the stove,flow_head,False,False,300,300,False,60,600,0,60,0,300,0,30.238100558985025,2,astra-pi05-recipe-evaluation-20260927-1,6dc7bb982841f247614fe9fcbaff917d16fe8939c6ac4b578a35a3cd139fe62b,1fa193772e3866977f0424207bc695ae969f50449828f271abfedb080264be0e
libero_spatial_ood:seed61:task4:state2,libero_spatial_ood,4,2,61,put the bowl on cookie box on the stove,gated_flow_head,False,False,300,300,False,60,600,0,66,0,150,150,31.484064370859414,2,astra-pi05-recipe-evaluation-20260927-1,6dc7bb982841f247614fe9fcbaff917d16fe8939c6ac4b578a35a3cd139fe62b,3caae7dbfced0b0caecfe3c75323a5f3794ab6b3086383ad0d9fa371e106e209
libero_spatial_ood:seed61:task5:state1,libero_spatial_ood,5,1,61,put the bowl on cookie box on the cabinet,native,False,False,300,300,False,60,600,30,60,3,0,0,35.79205383080989,3,astra-pi05-recipe-evaluation-20260927-1,9fd1da1a6160e36f6fbf8bb19cfe70195c07ab7a74ad69a7c3ee498697198a81,6317d0c3440a4f1031ebd330053bc1df23c7422d8ef35f21be31162f5247d199
libero_spatial_ood:seed61:task5:state1,libero_spatial_ood,5,1,61,put the bowl on cookie box on the cabinet,recorded_schedule,True,True,102,300,False,21,210,0,21,0,0,102,12.094151625409722,3,astra-pi05-recipe-evaluation-20260927-1,9fd1da1a6160e36f6fbf8bb19cfe70195c07ab7a74ad69a7c3ee498697198a81,6526b0fefc81b188f1d3eded9b15506b3cad4e3fd812b311f5e068725c0e0db5
libero_spatial_ood:seed61:task5:state1,libero_spatial_ood,5,1,61,put the bowl on cookie box on the cabinet,learned_selector,True,True,101,300,False,21,210,0,26,0,0,101,12.838091818615794,3,astra-pi05-recipe-evaluation-20260927-1,9fd1da1a6160e36f6fbf8bb19cfe70195c07ab7a74ad69a7c3ee498697198a81,4b37cc654304e740d676160aadbce1dbfd11ecb463b9c31692b61fc0239f437e
libero_spatial_ood:seed61:task5:state1,libero_spatial_ood,5,1,61,put the bowl on cookie box on the cabinet,flow_head,False,False,300,300,False,60,600,0,60,0,300,0,29.57522914931178,3,astra-pi05-recipe-evaluation-20260927-1,9fd1da1a6160e36f6fbf8bb19cfe70195c07ab7a74ad69a7c3ee498697198a81,670f1380f494d50ec9f4d10391f0bd99e9272b16752f98cacda1707c42d55edf
libero_spatial_ood:seed61:task5:state1,libero_spatial_ood,5,1,61,put the bowl on cookie box on the cabinet,gated_flow_head,False,False,300,300,False,60,600,0,70,0,250,250,31.20146559085697,3,astra-pi05-recipe-evaluation-20260927-1,9fd1da1a6160e36f6fbf8bb19cfe70195c07ab7a74ad69a7c3ee498697198a81,fc030d7caee6fdfb9ff0fd38a879cfdb6436b758d0fa3b4c29ee6beb3b94721d
libero_spatial_ood:seed61:task5:state2,libero_spatial_ood,5,2,61,put the bowl on cookie box on the cabinet,native,False,False,300,300,False,60,600,0,60,0,0,0,29.028984461911023,3,astra-pi05-recipe-evaluation-20260927-1,09f7eab065b465a6cc9e3bae436d4e07351bdb6488f8d962b5f62a8f1ef5601a,034e70bac976520e8f860caea4cb56926e0bcbdaee11de834c4feb0b874e5eb8
libero_spatial_ood:seed61:task5:state2,libero_spatial_ood,5,2,61,put the bowl on cookie box on the cabinet,recorded_schedule,True,True,102,300,False,21,210,0,21,0,0,102,12.181212873198092,3,astra-pi05-recipe-evaluation-20260927-1,09f7eab065b465a6cc9e3bae436d4e07351bdb6488f8d962b5f62a8f1ef5601a,2b044cc89b7fec10964aeb670d11891dac8c50f18e52530f8f3b905baa3895a6
libero_spatial_ood:seed61:task5:state2,libero_spatial_ood,5,2,61,put the bowl on cookie box on the cabinet,learned_selector,True,True,100,300,False,20,200,0,24,0,0,100,12.221870980225503,3,astra-pi05-recipe-evaluation-20260927-1,09f7eab065b465a6cc9e3bae436d4e07351bdb6488f8d962b5f62a8f1ef5601a,821d13e6c4a5ee259a6450624230ab4ede38d4cd0d27c44b4ad2694964cb0b27
libero_spatial_ood:seed61:task5:state2,libero_spatial_ood,5,2,61,put the bowl on cookie box on the cabinet,flow_head,False,False,300,300,False,60,600,0,60,0,300,0,29.54242478776723,3,astra-pi05-recipe-evaluation-20260927-1,09f7eab065b465a6cc9e3bae436d4e07351bdb6488f8d962b5f62a8f1ef5601a,183fdcf1d5838d6032d5a710a007222f77229d27bbed0147aceeeeace6247aec
libero_spatial_ood:seed61:task5:state2,libero_spatial_ood,5,2,61,put the bowl on cookie box on the cabinet,gated_flow_head,False,False,300,300,False,60,600,0,70,0,250,250,31.578349573537707,3,astra-pi05-recipe-evaluation-20260927-1,09f7eab065b465a6cc9e3bae436d4e07351bdb6488f8d962b5f62a8f1ef5601a,69950fc631df2d3a3813797fee0540e8bdb6cb7077f1ca08a6761fb82b822121
libero_spatial_ood:seed61:task6:state1,libero_spatial_ood,6,1,61,put the bowl next to the plate on the cabinet,native,False,False,300,300,False,60,600,0,60,0,0,0,29.035046237520874,3,astra-pi05-recipe-evaluation-20260927-1,8a0d0a2c6b83b143cf5dd001fa768edbf53560debc1fa587708eca334b617d51,d5579ab0149d25f57c36286be16a31d1ad067efe7046bde69fa69316d995462c
libero_spatial_ood:seed61:task6:state1,libero_spatial_ood,6,1,61,put the bowl next to the plate on the cabinet,recorded_schedule,False,False,300,300,False,60,600,0,60,0,0,0,29.067508837208152,3,astra-pi05-recipe-evaluation-20260927-1,8a0d0a2c6b83b143cf5dd001fa768edbf53560debc1fa587708eca334b617d51,e028315c095c7670c7a77371e9277bde712df9dcc1c186e7dbcc39aeb0e824d5
libero_spatial_ood:seed61:task6:state1,libero_spatial_ood,6,1,61,put the bowl next to the plate on the cabinet,learned_selector,False,False,300,300,False,60,600,0,62,0,0,50,30.057810254395008,3,astra-pi05-recipe-evaluation-20260927-1,8a0d0a2c6b83b143cf5dd001fa768edbf53560debc1fa587708eca334b617d51,6113418f4217fe07f6b2f1051b7e6a3d0302d340bd8e51bee75bc7fd6eadb877
libero_spatial_ood:seed61:task6:state1,libero_spatial_ood,6,1,61,put the bowl next to the plate on the cabinet,flow_head,False,False,300,300,False,60,600,0,60,0,300,0,30.006820239126682,3,astra-pi05-recipe-evaluation-20260927-1,8a0d0a2c6b83b143cf5dd001fa768edbf53560debc1fa587708eca334b617d51,00edfc37ebcb7808fdcfb09b7c79039f13d3e56439106f33bda921d5fde9f117
libero_spatial_ood:seed61:task6:state1,libero_spatial_ood,6,1,61,put the bowl next to the plate on the cabinet,gated_flow_head,False,False,300,300,False,60,600,0,64,0,100,100,29.925013442523777,3,astra-pi05-recipe-evaluation-20260927-1,8a0d0a2c6b83b143cf5dd001fa768edbf53560debc1fa587708eca334b617d51,9a8fdd43e9acbcedd01b056c08fe3ffd718c58b45f81a4d8da55ad662bab6f5d
libero_spatial_ood:seed61:task6:state2,libero_spatial_ood,6,2,61,put the bowl next to the plate on the cabinet,native,False,False,300,300,False,60,600,0,60,0,0,0,29.674193443730474,3,astra-pi05-recipe-evaluation-20260927-1,674b1fbb384c48306ea1cb5bc09574b7e916d90e39dae018334f57b707d6c9a4,be6c78c722641369638d0cee12592295a4c40196ba9cf865bf42bc9d88e77ae5
libero_spatial_ood:seed61:task6:state2,libero_spatial_ood,6,2,61,put the bowl next to the plate on the cabinet,recorded_schedule,False,False,300,300,False,60,600,0,60,0,0,0,29.073207733221352,3,astra-pi05-recipe-evaluation-20260927-1,674b1fbb384c48306ea1cb5bc09574b7e916d90e39dae018334f57b707d6c9a4,37ebd6009a0836fa94c34f5b82001385065129f96129efed5e0ea1bf8b6872c2
libero_spatial_ood:seed61:task6:state2,libero_spatial_ood,6,2,61,put the bowl next to the plate on the cabinet,learned_selector,False,False,300,300,False,60,600,0,64,0,0,100,30.499521797522902,3,astra-pi05-recipe-evaluation-20260927-1,674b1fbb384c48306ea1cb5bc09574b7e916d90e39dae018334f57b707d6c9a4,ee72f088bf3e35fe1dec82c8660eb81c1fe1fc1e56891c52f4908972ffb93d8d
libero_spatial_ood:seed61:task6:state2,libero_spatial_ood,6,2,61,put the bowl next to the plate on the cabinet,flow_head,False,False,300,300,False,60,600,0,60,0,300,0,29.474465074017644,3,astra-pi05-recipe-evaluation-20260927-1,674b1fbb384c48306ea1cb5bc09574b7e916d90e39dae018334f57b707d6c9a4,3f6278daeb5aaeec02b0a61477d934f7b18a1c9e8738bb7e81e36baec11b729a
libero_spatial_ood:seed61:task6:state2,libero_spatial_ood,6,2,61,put the bowl next to the plate on the cabinet,gated_flow_head,False,False,300,300,False,60,600,0,65,0,125,125,30.38842361047864,3,astra-pi05-recipe-evaluation-20260927-1,674b1fbb384c48306ea1cb5bc09574b7e916d90e39dae018334f57b707d6c9a4,b6742422a855f3f97089a26cac852de9f3b7c4ed6f3460ef12cedff1147b93e4
libero_spatial_ood:seed61:task7:state1,libero_spatial_ood,7,1,61,put the bowl next to the plate on the stove,native,False,False,300,300,False,60,600,0,60,0,0,0,29.20593200623989,3,astra-pi05-recipe-evaluation-20260927-1,7a0fd5412fdaca73f6f64ff8fa48ed86e591764616dd129e0411673d2b1559f5,7ce0c5e944176266574b2571a7899323fe8d34c51acbb0cc3a3d33e02334054f
libero_spatial_ood:seed61:task7:state1,libero_spatial_ood,7,1,61,put the bowl next to the plate on the stove,recorded_schedule,False,False,300,300,False,60,600,0,60,0,0,0,28.948538585565984,3,astra-pi05-recipe-evaluation-20260927-1,7a0fd5412fdaca73f6f64ff8fa48ed86e591764616dd129e0411673d2b1559f5,03eff8b2c24eba690cb1bfce6b66a087adb51e8c11ada6223437eb00f738b1e7
libero_spatial_ood:seed61:task7:state1,libero_spatial_ood,7,1,61,put the bowl next to the plate on the stove,learned_selector,False,False,300,300,False,60,600,0,63,0,0,75,30.32184764649719,3,astra-pi05-recipe-evaluation-20260927-1,7a0fd5412fdaca73f6f64ff8fa48ed86e591764616dd129e0411673d2b1559f5,de78d2c8054bae2b0539a244a3e50cb01df312c51326e1a79786594649c18749
libero_spatial_ood:seed61:task7:state1,libero_spatial_ood,7,1,61,put the bowl next to the plate on the stove,flow_head,False,False,300,300,False,60,600,0,60,0,300,0,29.20426618680358,3,astra-pi05-recipe-evaluation-20260927-1,7a0fd5412fdaca73f6f64ff8fa48ed86e591764616dd129e0411673d2b1559f5,ca5ab1d350ba65088a3ec2b7d4546ff6d59be2b9ee204666398825ccafc56266
libero_spatial_ood:seed61:task7:state1,libero_spatial_ood,7,1,61,put the bowl next to the plate on the stove,gated_flow_head,False,False,300,300,False,60,600,0,62,0,50,50,29.06088201701641,3,astra-pi05-recipe-evaluation-20260927-1,7a0fd5412fdaca73f6f64ff8fa48ed86e591764616dd129e0411673d2b1559f5,d2059c0c638de032d74319c8869c565fb29babb149d65e597b612067de72f773
libero_spatial_ood:seed61:task7:state2,libero_spatial_ood,7,2,61,put the bowl next to the plate on the stove,native,False,False,300,300,False,60,600,0,60,0,0,0,29.006036901846528,3,astra-pi05-recipe-evaluation-20260927-1,830f7f0ca7683b8f48eea3a04f5d1e597e32d284489d7ed026ed26a54657963b,19ad27a2bfce8be31f51604d6ac6797d4abfe18d7552d589209d1ec036e51d5f
libero_spatial_ood:seed61:task7:state2,libero_spatial_ood,7,2,61,put the bowl next to the plate on the stove,recorded_schedule,False,False,300,300,False,60,600,0,60,0,0,0,29.28746489994228,3,astra-pi05-recipe-evaluation-20260927-1,830f7f0ca7683b8f48eea3a04f5d1e597e32d284489d7ed026ed26a54657963b,32f2a8e4c884078a262f851c0cf7fde11ca9e61ee4955f1aca6976ba2a4a1fd8
libero_spatial_ood:seed61:task7:state2,libero_spatial_ood,7,2,61,put the bowl next to the plate on the stove,learned_selector,False,False,300,300,False,60,600,0,62,0,0,50,30.027402107603848,3,astra-pi05-recipe-evaluation-20260927-1,830f7f0ca7683b8f48eea3a04f5d1e597e32d284489d7ed026ed26a54657963b,11df3e120a122b5bdae232c0f9bda2b2a1c6145ccfea5e508753847390bb65d6
libero_spatial_ood:seed61:task7:state2,libero_spatial_ood,7,2,61,put the bowl next to the plate on the stove,flow_head,False,False,300,300,False,60,600,0,60,0,300,0,29.861830714158714,3,astra-pi05-recipe-evaluation-20260927-1,830f7f0ca7683b8f48eea3a04f5d1e597e32d284489d7ed026ed26a54657963b,1513bf2cc8537bfc647c22ab26bed26d835a60f05fb2cd5c387e1eae1ccece9d
libero_spatial_ood:seed61:task7:state2,libero_spatial_ood,7,2,61,put the bowl next to the plate on the stove,gated_flow_head,False,False,300,300,False,60,600,0,62,0,50,50,29.458181922324002,3,astra-pi05-recipe-evaluation-20260927-1,830f7f0ca7683b8f48eea3a04f5d1e597e32d284489d7ed026ed26a54657963b,509740b1db1f4f5bff6fb91de901fb20af9e9e952dd14e332c8b869c11d63703
libero_spatial_ood:seed61:task8:state1,libero_spatial_ood,8,1,61,put the bowl at table center on the cabinet,native,False,False,300,300,False,60,600,0,60,0,0,0,29.002447568811476,3,astra-pi05-recipe-evaluation-20260927-1,743e7219fbc047aeb6fd120bc3c8a4ddcca55490f992c8ba86bb1567ea5240d4,350edf1fbd51261599581d33fc1dd6d88a43bcf62d52c58c0de1d0f95bff1dc9
libero_spatial_ood:seed61:task8:state1,libero_spatial_ood,8,1,61,put the bowl at table center on the cabinet,recorded_schedule,True,True,110,300,False,22,220,0,22,0,0,110,13.296882008202374,3,astra-pi05-recipe-evaluation-20260927-1,743e7219fbc047aeb6fd120bc3c8a4ddcca55490f992c8ba86bb1567ea5240d4,62ce1fc9fceefe97a8ede6b35a907f80956a9eaf2dd50afdc25533270fd01805
libero_spatial_ood:seed61:task8:state1,libero_spatial_ood,8,1,61,put the bowl at table center on the cabinet,learned_selector,True,True,113,300,False,23,230,0,28,0,0,113,14.997903221286833,3,astra-pi05-recipe-evaluation-20260927-1,743e7219fbc047aeb6fd120bc3c8a4ddcca55490f992c8ba86bb1567ea5240d4,7205ae405065e0fbf1f4039a24a08f1b6ac3ca2768f5c31a9eb74b52b225e6b1
libero_spatial_ood:seed61:task8:state1,libero_spatial_ood,8,1,61,put the bowl at table center on the cabinet,flow_head,False,False,300,300,False,60,600,0,60,0,300,0,29.509125095792115,3,astra-pi05-recipe-evaluation-20260927-1,743e7219fbc047aeb6fd120bc3c8a4ddcca55490f992c8ba86bb1567ea5240d4,0733b6ba5d914ee8f53191b7f8bbc8c3deae15dd57cc22b42cb947488fbb997a
libero_spatial_ood:seed61:task8:state1,libero_spatial_ood,8,1,61,put the bowl at table center on the cabinet,gated_flow_head,False,False,300,300,False,60,600,0,71,0,275,275,31.393771460279822,3,astra-pi05-recipe-evaluation-20260927-1,743e7219fbc047aeb6fd120bc3c8a4ddcca55490f992c8ba86bb1567ea5240d4,fcf7682f3570d355cc89ddb0f893fd986719661c0c72779298148d0ab6a6f142
libero_spatial_ood:seed61:task8:state2,libero_spatial_ood,8,2,61,put the bowl at table center on the cabinet,native,False,False,300,300,False,60,600,0,60,0,0,0,28.87742798216641,3,astra-pi05-recipe-evaluation-20260927-1,08bc80a0a0babac5f229d34528f2822c242589c550815306f00baa2e9b2997fa,9b7fc83a176bd218c7e90791bcf62fb1cc37d68ab77f74411a4095552d4f6ec2
libero_spatial_ood:seed61:task8:state2,libero_spatial_ood,8,2,61,put the bowl at table center on the cabinet,recorded_schedule,True,True,107,300,False,22,220,0,22,0,0,107,13.516976355575025,3,astra-pi05-recipe-evaluation-20260927-1,08bc80a0a0babac5f229d34528f2822c242589c550815306f00baa2e9b2997fa,794c34c86b8ccc03b1ecccb3fd8f2e4e0e96272189ce8d232b44c19cfd5757b7
libero_spatial_ood:seed61:task8:state2,libero_spatial_ood,8,2,61,put the bowl at table center on the cabinet,learned_selector,False,False,300,300,False,60,600,0,69,0,0,225,33.58524048794061,3,astra-pi05-recipe-evaluation-20260927-1,08bc80a0a0babac5f229d34528f2822c242589c550815306f00baa2e9b2997fa,51761635c14a3eaf811ad6fb28160a3c8e45b230300720edc998985b1ff1d947
libero_spatial_ood:seed61:task8:state2,libero_spatial_ood,8,2,61,put the bowl at table center on the cabinet,flow_head,True,True,126,300,False,26,260,0,26,0,126,0,14.426566665060818,3,astra-pi05-recipe-evaluation-20260927-1,08bc80a0a0babac5f229d34528f2822c242589c550815306f00baa2e9b2997fa,164b6ceca582932a22118c9e0b243522cceab4de3974b0f7436d51b0b1d4c3f7
libero_spatial_ood:seed61:task8:state2,libero_spatial_ood,8,2,61,put the bowl at table center on the cabinet,gated_flow_head,True,True,126,300,False,26,260,0,32,0,126,126,15.457022793591022,3,astra-pi05-recipe-evaluation-20260927-1,08bc80a0a0babac5f229d34528f2822c242589c550815306f00baa2e9b2997fa,5f40dccfdf85531d2d0b1408809ddbc3a023b0673cb6090498cd65f1a15d7cea
libero_spatial_ood:seed61:task9:state1,libero_spatial_ood,9,1,61,put the bowl at table center on the stove,native,False,False,300,300,False,60,600,0,60,0,0,0,28.899935484863818,3,astra-pi05-recipe-evaluation-20260927-1,fe58cb0208c02c175a30b58b339272d394440f0a866868c81f2e607d2a5a160b,7c27b3a2cce965f5a56f0a1cc53e592770078f3753288ca148a28c7aee91ed9b
libero_spatial_ood:seed61:task9:state1,libero_spatial_ood,9,1,61,put the bowl at table center on the stove,recorded_schedule,True,True,93,300,False,19,190,0,19,0,0,93,11.981206737458706,3,astra-pi05-recipe-evaluation-20260927-1,fe58cb0208c02c175a30b58b339272d394440f0a866868c81f2e607d2a5a160b,37c9720c34e3e9404c37c962c3d7110e6cdfeb8f5405594a0bcabf2361e3e1c1
libero_spatial_ood:seed61:task9:state1,libero_spatial_ood,9,1,61,put the bowl at table center on the stove,learned_selector,True,True,98,300,False,20,200,0,24,0,0,98,12.999727608636022,3,astra-pi05-recipe-evaluation-20260927-1,fe58cb0208c02c175a30b58b339272d394440f0a866868c81f2e607d2a5a160b,62ef02a9061e0d9de77e26de325514904e70f7d30eb00f256a3859ab5fd5ec19
libero_spatial_ood:seed61:task9:state1,libero_spatial_ood,9,1,61,put the bowl at table center on the stove,flow_head,False,False,300,300,False,60,600,0,60,0,300,0,29.479887348599732,3,astra-pi05-recipe-evaluation-20260927-1,fe58cb0208c02c175a30b58b339272d394440f0a866868c81f2e607d2a5a160b,d703003075d1a5e50cd5816532dc5fc4ddfc6aa950ea758e6aafca6477b06eed
libero_spatial_ood:seed61:task9:state1,libero_spatial_ood,9,1,61,put the bowl at table center on the stove,gated_flow_head,False,False,300,300,False,60,600,0,71,0,275,275,31.738749405369163,3,astra-pi05-recipe-evaluation-20260927-1,fe58cb0208c02c175a30b58b339272d394440f0a866868c81f2e607d2a5a160b,a4d7a4e9f515ec14d7cc46b14af00e3f33aa507c23a58de1cf0d3c93df4d4fcc
libero_spatial_ood:seed61:task9:state2,libero_spatial_ood,9,2,61,put the bowl at table center on the stove,native,False,False,300,300,False,60,600,0,60,0,0,0,28.938385573215783,3,astra-pi05-recipe-evaluation-20260927-1,d4b39c2a0a9dce57f4227e6b14c8fdbffaf0aaae422cdfc962e7de0d87ca4042,188470c7c9c98d44957489accd9a49384981a60c7ba67b12029c3faf3998a48b
libero_spatial_ood:seed61:task9:state2,libero_spatial_ood,9,2,61,put the bowl at table center on the stove,recorded_schedule,True,True,95,300,False,19,190,0,19,0,0,95,12.187980737537146,3,astra-pi05-recipe-evaluation-20260927-1,d4b39c2a0a9dce57f4227e6b14c8fdbffaf0aaae422cdfc962e7de0d87ca4042,62c7117fc1ad63dc89e7978203147efe499a5a1200c69882b278c0bba989da2f
libero_spatial_ood:seed61:task9:state2,libero_spatial_ood,9,2,61,put the bowl at table center on the stove,learned_selector,False,False,300,300,False,60,600,0,70,0,0,250,34.25864562857896,3,astra-pi05-recipe-evaluation-20260927-1,d4b39c2a0a9dce57f4227e6b14c8fdbffaf0aaae422cdfc962e7de0d87ca4042,e4c657203db158e5a7acada3f93ce8d6f0f071ef23ed1b45c06f4b2df5979f41
libero_spatial_ood:seed61:task9:state2,libero_spatial_ood,9,2,61,put the bowl at table center on the stove,flow_head,False,False,300,300,False,60,600,0,60,0,300,0,29.920045311562717,3,astra-pi05-recipe-evaluation-20260927-1,d4b39c2a0a9dce57f4227e6b14c8fdbffaf0aaae422cdfc962e7de0d87ca4042,85425a00e609aea8473ad468d37fa37ca0a761c943accce390bf2c3aedf381ab
libero_spatial_ood:seed61:task9:state2,libero_spatial_ood,9,2,61,put the bowl at table center on the stove,gated_flow_head,False,False,300,300,False,60,600,0,70,0,250,250,31.456098812632263,3,astra-pi05-recipe-evaluation-20260927-1,d4b39c2a0a9dce57f4227e6b14c8fdbffaf0aaae422cdfc962e7de0d87ca4042,4e5bff0e1f14cf977b748f73b75ccebb701b239774f74320aaa978622ed0f0b0
libero_10:seed61:task0:state1,libero_10,0,1,61,put both the alphabet soup and the tomato sauce in the basket,native,True,True,286,520,False,58,580,30,58,3,0,0,34.70829358603805,4,astra-pi05-recipe-evaluation-20260927-1,6dd0f1c89472e4c199b525abe5452a26645bf5b1f1ddf501320c498da22192ba,92999298e7bcab0ef7d58f474803ddb35fe4e05050e4dff78117508367ee5e2e
libero_10:seed61:task0:state1,libero_10,0,1,61,put both the alphabet soup and the tomato sauce in the basket,recorded_schedule,True,True,286,520,False,58,580,0,58,0,0,0,27.051893618889153,4,astra-pi05-recipe-evaluation-20260927-1,6dd0f1c89472e4c199b525abe5452a26645bf5b1f1ddf501320c498da22192ba,69438a50030138b91150a5d75396ab3e3e32ba395c2134464e4950edc9de86d5
libero_10:seed61:task0:state1,libero_10,0,1,61,put both the alphabet soup and the tomato sauce in the basket,learned_selector,True,True,286,520,False,58,580,0,58,0,0,0,27.065147259738296,4,astra-pi05-recipe-evaluation-20260927-1,6dd0f1c89472e4c199b525abe5452a26645bf5b1f1ddf501320c498da22192ba,906c58646f794b92fb14dd91031fa033f1a7b2b0bb0045d56471e2329b1eb35c
libero_10:seed61:task0:state1,libero_10,0,1,61,put both the alphabet soup and the tomato sauce in the basket,flow_head,True,True,394,520,False,79,790,0,79,0,394,0,37.507788128685206,4,astra-pi05-recipe-evaluation-20260927-1,6dd0f1c89472e4c199b525abe5452a26645bf5b1f1ddf501320c498da22192ba,3c736d65a7e49ee09dd9581ae0592c16e9425e1f8d2f44d4f94d8c26fba7d4c5
libero_10:seed61:task0:state1,libero_10,0,1,61,put both the alphabet soup and the tomato sauce in the basket,gated_flow_head,True,True,286,520,False,58,580,0,58,0,0,0,27.925888333003968,4,astra-pi05-recipe-evaluation-20260927-1,6dd0f1c89472e4c199b525abe5452a26645bf5b1f1ddf501320c498da22192ba,bf268648f884df2e8294dbefb54d0280ba0dae524478d3a65298d40ffeb7e016
libero_10:seed61:task0:state2,libero_10,0,2,61,put both the alphabet soup and the tomato sauce in the basket,native,True,True,251,520,False,51,510,0,51,0,0,0,24.854433339089155,4,astra-pi05-recipe-evaluation-20260927-1,34baae19b762dd8b1424e3434e3fd13d101411750447f87fbdc373a4b7090eba,b2b212b465985d3e3290e61bb4f221183cf87206d96a7856d001ef424dc76326
libero_10:seed61:task0:state2,libero_10,0,2,61,put both the alphabet soup and the tomato sauce in the basket,recorded_schedule,True,True,251,520,False,51,510,0,51,0,0,0,24.603652150835842,4,astra-pi05-recipe-evaluation-20260927-1,34baae19b762dd8b1424e3434e3fd13d101411750447f87fbdc373a4b7090eba,7576289385641ffd1d90902e953814040b7754525af1a841d51e0ff3e59458ad
libero_10:seed61:task0:state2,libero_10,0,2,61,put both the alphabet soup and the tomato sauce in the basket,learned_selector,True,True,244,520,False,49,490,0,50,0,0,19,24.042328495066613,4,astra-pi05-recipe-evaluation-20260927-1,34baae19b762dd8b1424e3434e3fd13d101411750447f87fbdc373a4b7090eba,f131111ba55c61c7173be4f01ea5a88961b07b3062bf3c601888f9a61af11e58
libero_10:seed61:task0:state2,libero_10,0,2,61,put both the alphabet soup and the tomato sauce in the basket,flow_head,True,True,250,520,False,50,500,0,50,0,250,0,24.697837453801185,4,astra-pi05-recipe-evaluation-20260927-1,34baae19b762dd8b1424e3434e3fd13d101411750447f87fbdc373a4b7090eba,d21b99ea95482e3089fa9515cc44f216a9c4a687436fb5d68e17a0cf68aa753a
libero_10:seed61:task0:state2,libero_10,0,2,61,put both the alphabet soup and the tomato sauce in the basket,gated_flow_head,True,True,251,520,False,51,510,0,52,0,25,25,24.85042827995494,4,astra-pi05-recipe-evaluation-20260927-1,34baae19b762dd8b1424e3434e3fd13d101411750447f87fbdc373a4b7090eba,2a2917b548c90606a33dd1cf08646db82283b58b400e4679954f0c027e627c98
libero_10:seed61:task1:state1,libero_10,1,1,61,put both the cream cheese box and the butter in the basket,native,True,True,246,520,False,50,500,0,50,0,0,0,24.105084291193634,4,astra-pi05-recipe-evaluation-20260927-1,69ff688725484e2db098a78dc01b28869d101037444585e912e90b8b589dc3e5,2ba75bc287447d9c922f9226966f7672932fdd9c63a6681434f19ba7a8f7e05d
libero_10:seed61:task1:state1,libero_10,1,1,61,put both the cream cheese box and the butter in the basket,recorded_schedule,True,True,246,520,False,50,500,0,50,0,0,0,23.497599463909864,4,astra-pi05-recipe-evaluation-20260927-1,69ff688725484e2db098a78dc01b28869d101037444585e912e90b8b589dc3e5,c9d3cc002b2c738d13bb8b558030c5c6bae388988dade48cd6310b9e2cf2742a
libero_10:seed61:task1:state1,libero_10,1,1,61,put both the cream cheese box and the butter in the basket,learned_selector,True,True,246,520,False,50,500,0,50,0,0,0,23.84786595311016,4,astra-pi05-recipe-evaluation-20260927-1,69ff688725484e2db098a78dc01b28869d101037444585e912e90b8b589dc3e5,93e5fa6934c3a04b6e4f902627f89340598e9ae1189bb215b5aade74202f1554
libero_10:seed61:task1:state1,libero_10,1,1,61,put both the cream cheese box and the butter in the basket,flow_head,True,True,265,520,False,53,530,0,53,0,265,0,25.49021781189367,4,astra-pi05-recipe-evaluation-20260927-1,69ff688725484e2db098a78dc01b28869d101037444585e912e90b8b589dc3e5,fee000d5761bfd0a64fd1c9a5d8dff1855b41d6cc0b4378045697a3d685bd25c
libero_10:seed61:task1:state1,libero_10,1,1,61,put both the cream cheese box and the butter in the basket,gated_flow_head,True,True,246,520,False,50,500,0,50,0,0,0,24.042026086244732,4,astra-pi05-recipe-evaluation-20260927-1,69ff688725484e2db098a78dc01b28869d101037444585e912e90b8b589dc3e5,4f657e76bab618bd6e13c008bf1d0c1488031be4818a816f12172d143ffc6a3e
libero_10:seed61:task1:state2,libero_10,1,2,61,put both the cream cheese box and the butter in the basket,native,True,True,250,520,False,50,500,0,50,0,0,0,23.918103833682835,4,astra-pi05-recipe-evaluation-20260927-1,636eaca4ff74db416c9adae70bd50ca11929906ed271ea170b023ccf7acdcda6,67a3f4c54d7b0ccc88d4c436cda23360d82993bb49b85cdca9abdfa4fbd5391f
libero_10:seed61:task1:state2,libero_10,1,2,61,put both the cream cheese box and the butter in the basket,recorded_schedule,True,True,250,520,False,50,500,0,50,0,0,0,23.573470235802233,4,astra-pi05-recipe-evaluation-20260927-1,636eaca4ff74db416c9adae70bd50ca11929906ed271ea170b023ccf7acdcda6,cff66167662788580db35636285bf24c44e33ddcadb6f41b953fd2e308c49e96
libero_10:seed61:task1:state2,libero_10,1,2,61,put both the cream cheese box and the butter in the basket,learned_selector,True,True,250,520,False,50,500,0,50,0,0,0,23.7079245490022,4,astra-pi05-recipe-evaluation-20260927-1,636eaca4ff74db416c9adae70bd50ca11929906ed271ea170b023ccf7acdcda6,9b1ba49e8c89635eca4ed88a1de9864852f2d6de802543ac89eb730782d26679
libero_10:seed61:task1:state2,libero_10,1,2,61,put both the cream cheese box and the butter in the basket,flow_head,True,True,250,520,False,50,500,0,50,0,250,0,24.030940556898713,4,astra-pi05-recipe-evaluation-20260927-1,636eaca4ff74db416c9adae70bd50ca11929906ed271ea170b023ccf7acdcda6,9dc354cd950f5bce2d53e35e61e77bfe5ad9ac233265c91a7e986ab9790fb408
libero_10:seed61:task1:state2,libero_10,1,2,61,put both the cream cheese box and the butter in the basket,gated_flow_head,True,True,250,520,False,50,500,0,50,0,0,0,23.736137642990798,4,astra-pi05-recipe-evaluation-20260927-1,636eaca4ff74db416c9adae70bd50ca11929906ed271ea170b023ccf7acdcda6,96725db6b5d415516207ffcfbe19be4319c3c93f45a07f8ca70f2e04814794b8
libero_10:seed61:task2:state1,libero_10,2,1,61,turn on the stove and put the moka pot on it,native,True,True,227,520,False,46,460,0,46,0,0,0,20.944269616156816,4,astra-pi05-recipe-evaluation-20260927-1,6a65861dc6ea0d2230d6806c121f83a39043926e927e6a866f8414c72fc157a5,ad7ad41aed1f87662781089b5b707f9a8564ad0f8c4d0ac975a8e53c0e2854d6
libero_10:seed61:task2:state1,libero_10,2,1,61,turn on the stove and put the moka pot on it,recorded_schedule,True,True,227,520,False,46,460,0,46,0,0,0,21.582952096592635,4,astra-pi05-recipe-evaluation-20260927-1,6a65861dc6ea0d2230d6806c121f83a39043926e927e6a866f8414c72fc157a5,4589298e1ddaf4920e9dcfe5c45cc6475f3d33163ac5b48a7f456e1710d306e0
libero_10:seed61:task2:state1,libero_10,2,1,61,turn on the stove and put the moka pot on it,learned_selector,True,True,228,520,False,46,460,0,46,0,0,0,21.267188114579767,4,astra-pi05-recipe-evaluation-20260927-1,6a65861dc6ea0d2230d6806c121f83a39043926e927e6a866f8414c72fc157a5,5b63000130cf0fcfa7155979c606bc0143f046002137aed165c1b47cc34800c7
libero_10:seed61:task2:state1,libero_10,2,1,61,turn on the stove and put the moka pot on it,flow_head,True,True,249,520,False,50,500,0,50,0,249,0,23.452454109676182,4,astra-pi05-recipe-evaluation-20260927-1,6a65861dc6ea0d2230d6806c121f83a39043926e927e6a866f8414c72fc157a5,a0733a61c170627858d4b2e69fe5694665c6ba20a02a3f47e3673585d551eb4e
libero_10:seed61:task2:state1,libero_10,2,1,61,turn on the stove and put the moka pot on it,gated_flow_head,True,True,227,520,False,46,460,0,46,0,0,0,21.289094641339034,4,astra-pi05-recipe-evaluation-20260927-1,6a65861dc6ea0d2230d6806c121f83a39043926e927e6a866f8414c72fc157a5,79d1acc4b4233e7adce345de699d45283742204dece647c03c1d8af1801909d4
libero_10:seed61:task2:state2,libero_10,2,2,61,turn on the stove and put the moka pot on it,native,True,True,261,520,False,53,530,0,53,0,0,0,24.04252295102924,4,astra-pi05-recipe-evaluation-20260927-1,bc19124e2c9b574b07b463efda89b85750032be5f07e8607f8458fb527f84887,ced374d32ee98e114d9c314e8c90aa2ac3067c87277900dbd15705d3075b1c55
libero_10:seed61:task2:state2,libero_10,2,2,61,turn on the stove and put the moka pot on it,recorded_schedule,True,True,261,520,False,53,530,0,53,0,0,0,24.011471734847873,4,astra-pi05-recipe-evaluation-20260927-1,bc19124e2c9b574b07b463efda89b85750032be5f07e8607f8458fb527f84887,ff7543072d09ccaec12a436e003afe1467d11714946a938dadc6f2c8007fd1f8
libero_10:seed61:task2:state2,libero_10,2,2,61,turn on the stove and put the moka pot on it,learned_selector,True,True,261,520,False,53,530,0,53,0,0,0,23.97200181428343,4,astra-pi05-recipe-evaluation-20260927-1,bc19124e2c9b574b07b463efda89b85750032be5f07e8607f8458fb527f84887,eab8f800710bf2cba70f9befb6455e239c7bd2985ac05f9b5f8e7db7bea6e78f
libero_10:seed61:task2:state2,libero_10,2,2,61,turn on the stove and put the moka pot on it,flow_head,True,True,253,520,False,51,510,0,51,0,253,0,23.654056924860924,4,astra-pi05-recipe-evaluation-20260927-1,bc19124e2c9b574b07b463efda89b85750032be5f07e8607f8458fb527f84887,0bfba9fa74e5d9e5e51c19e3931b7c4aa2fe81634fd0c81f6c07b3ffb001d084
libero_10:seed61:task2:state2,libero_10,2,2,61,turn on the stove and put the moka pot on it,gated_flow_head,True,True,261,520,False,53,530,0,53,0,0,0,24.004270925186574,4,astra-pi05-recipe-evaluation-20260927-1,bc19124e2c9b574b07b463efda89b85750032be5f07e8607f8458fb527f84887,b117ac79646e53b64a422ab6cd6edc6e61070cd9015fe99001e45241f03a6005
libero_10:seed61:task3:state1,libero_10,3,1,61,put the black bowl in the bottom drawer of the cabinet and close it,native,True,True,217,520,False,44,440,0,44,0,0,0,20.414734186138958,4,astra-pi05-recipe-evaluation-20260927-1,20b9a2040912e4681e419e19fed940b83cee9c2abbd3e3b7eec9a3eb8cbb7b1e,5c0576c07ebe76359121e42a8970e56f4f56749017eb0396cc4ab1b3419c2f60
libero_10:seed61:task3:state1,libero_10,3,1,61,put the black bowl in the bottom drawer of the cabinet and close it,recorded_schedule,True,True,217,520,False,44,440,0,44,0,0,0,20.63292365381494,4,astra-pi05-recipe-evaluation-20260927-1,20b9a2040912e4681e419e19fed940b83cee9c2abbd3e3b7eec9a3eb8cbb7b1e,2ea4a16c05760993741846b2a06decac62f89868a0e76a867a03fd4e2341d17a
libero_10:seed61:task3:state1,libero_10,3,1,61,put the black bowl in the bottom drawer of the cabinet and close it,learned_selector,True,True,217,520,False,44,440,0,44,0,0,0,20.426345975138247,4,astra-pi05-recipe-evaluation-20260927-1,20b9a2040912e4681e419e19fed940b83cee9c2abbd3e3b7eec9a3eb8cbb7b1e,a1f2fd685563eb9aae0639bfb8e07c49a322e9bce2fa8017a972c77028531421
libero_10:seed61:task3:state1,libero_10,3,1,61,put the black bowl in the bottom drawer of the cabinet and close it,flow_head,True,True,223,520,False,45,450,0,45,0,223,0,21.28302255226299,4,astra-pi05-recipe-evaluation-20260927-1,20b9a2040912e4681e419e19fed940b83cee9c2abbd3e3b7eec9a3eb8cbb7b1e,9388793bb1308ebf7f18cb90f80c74681ceb40d7e1ca9e9b55608f6a00cfd3be
libero_10:seed61:task3:state1,libero_10,3,1,61,put the black bowl in the bottom drawer of the cabinet and close it,gated_flow_head,True,True,217,520,False,44,440,0,44,0,0,0,20.478453351184726,4,astra-pi05-recipe-evaluation-20260927-1,20b9a2040912e4681e419e19fed940b83cee9c2abbd3e3b7eec9a3eb8cbb7b1e,6da5cd8e69b48938631b112f9311fc33c26b025689118484cc8dae2d56f404cb
libero_10:seed61:task3:state2,libero_10,3,2,61,put the black bowl in the bottom drawer of the cabinet and close it,native,True,True,231,520,False,47,470,0,47,0,0,0,21.88530563376844,4,astra-pi05-recipe-evaluation-20260927-1,4b633a9ed6308b46bad0cec40de2bebfd1d7a4c1781526f51a51eca78bcc08b0,9c998957d5b862b2358e2616d80154d60635d55dc75065e50195b250a9da5493
libero_10:seed61:task3:state2,libero_10,3,2,61,put the black bowl in the bottom drawer of the cabinet and close it,recorded_schedule,True,True,231,520,False,47,470,0,47,0,0,0,21.69097403390333,4,astra-pi05-recipe-evaluation-20260927-1,4b633a9ed6308b46bad0cec40de2bebfd1d7a4c1781526f51a51eca78bcc08b0,658f0c03b8f81220b1970533243437d2eb31022ff4d9a64a8220f21033274ad4
libero_10:seed61:task3:state2,libero_10,3,2,61,put the black bowl in the bottom drawer of the cabinet and close it,learned_selector,True,True,231,520,False,47,470,0,47,0,0,0,21.756761356722564,4,astra-pi05-recipe-evaluation-20260927-1,4b633a9ed6308b46bad0cec40de2bebfd1d7a4c1781526f51a51eca78bcc08b0,0fe91f1a6c0011e56e4005205a6a97beeb9dd90dea4fc44d44ceebcd0e593575
libero_10:seed61:task3:state2,libero_10,3,2,61,put the black bowl in the bottom drawer of the cabinet and close it,flow_head,True,True,232,520,False,47,470,0,47,0,232,0,22.044220696669072,4,astra-pi05-recipe-evaluation-20260927-1,4b633a9ed6308b46bad0cec40de2bebfd1d7a4c1781526f51a51eca78bcc08b0,d73d4f130cdb6471d035f76e84278f8bcc617b37b060396865cccf5ad5e87614
libero_10:seed61:task3:state2,libero_10,3,2,61,put the black bowl in the bottom drawer of the cabinet and close it,gated_flow_head,True,True,231,520,False,47,470,0,47,0,0,0,21.712994368281215,4,astra-pi05-recipe-evaluation-20260927-1,4b633a9ed6308b46bad0cec40de2bebfd1d7a4c1781526f51a51eca78bcc08b0,49d8ece9fd966adea0b01266cea8def5f7157269d3cbb0b82f0efe9186bad04c
