case,attempt_id,step,mode,source_a,source_b,language_alpha,donor_id,vision_alpha,executed_actions,nonzero_conditioned_actions,cumulative_arm_calls,cumulative_arm_known_tokens,request_id,request_fingerprint,observed_phase,rationale
wine,astra_tei_revision1,0,interpolate,put the wine bottle on top of the cabinet,put the cream cheese in the bowl,0.35,,,25,25,1,9964,b9f478959339f63f,b9f478959339f63f53dc5bceab313fd23d48b87096574f1610446c75764c4126,"Pre-grasp: bottle upright on table, gripper open above scene.",The native rollout lifted the bottle but moved it toward the rear rack rather than the bowl; this blend emphasizes bottle acquisition while adding bowl-destination conditioning.
wine,astra_tei_revision1,25,interpolate,put the wine bottle on top of the cabinet,put the cream cheese in the bowl,0.35,,,25,25,2,21155,25533a8bbb177d65,25533a8bbb177d657f5230354d53fb3d79ac05be72a9d865c28a6c72dbeff726,Acquisition approach: open gripper descending toward the upright bottle; no grasp or lift yet.,"The bottle is increasingly centered beneath the descending gripper, so retain the bottle-weighted blend with bowl-destination conditioning through acquisition."
wine,astra_tei_revision1,50,interpolate,put the wine bottle on top of the cabinet,put the cream cheese in the bowl,0.5,,,25,25,3,32693,cbbcb73ef9e33861,cbbcb73ef9e338619643be017465ac7b3d8dca730d0455f51bede55e22c98f91,Grasp closure around the bottle neck; bottle remains upright with no clear lift yet.,"With the bottle centered at the closing gripper, increase bowl-destination weight while retaining bottle conditioning to counter the native rollout's rear-rack transport."
wine,astra_tei_revision1,75,interpolate,put the wine bottle on top of the cabinet,put the cream cheese in the bowl,0.75,,,25,25,4,44167,1535c6673360a1f2,1535c6673360a1f2747e96e3eb120b43167d9f4f8e061f5a95c7dc69533f5e19,"Bottle retained during lift and transport, but moving rightward away from the bowl; no release visible.","The bottle rises with the gripper toward the cabinet side, so increase bowl-destination weighting to counter the rearward transport seen in the failed baseline."
wine,astra_tei_revision1,100,interpolate,put the wine bottle on top of the cabinet,put the cream cheese in the bowl,1.0,,,25,25,5,55654,b5bd35c62948595d,b5bd35c62948595d87d8b4e642d62b7131001c54515450a4d826ed1957069cea,"Bottle remains visibly held while descending over the cabinet, away from the bowl; no release visible.","The 0.75 blend still carries the bottle toward the cabinet, so select the bowl-destination source fully to test removing the competing cabinet instruction."
wine,astra_tei_revision1,125,interpolate,put the wine bottle on top of the cabinet,put the cream cheese in the bowl,0.4,,,25,25,6,67153,c615904644d453aa,c615904644d453aa2a7710f5f81bc2b156d65e13e9c3e43b33ba8cfc986b5a8e,Gripper opens and retreats while the bottle stays upright on the cabinet; bottle reacquisition is needed.,"Full bowl-source conditioning did not redirect placement, so restore stronger bottle identity for reacquisition while retaining some bowl-destination weighting."
wine,astra_tei_revision1,150,interpolate,put the wine bottle on top of the cabinet,put the cream cheese in the bowl,0.6,,,25,25,7,78673,a282136dd81f5f78,a282136dd81f5f78936a0058c0b64c41cca25a2f581c9ee044547ec48ec58a56,Open gripper hovers near the stationary bottle on the cabinet; no visible reacquisition or transport.,"The 0.4 blend left the gripper hovering without reacquisition, so increase bowl-destination weighting to 0.6 while retaining bottle identity."
wine,astra_tei_revision1,175,interpolate,put the wine bottle on top of the cabinet,put the cream cheese in the bowl,0.8,,,25,25,8,90184,8ea746ae09b9fe49,8ea746ae09b9fe49cc7d7085bea85c12f59c97ce9e6cce49444026c627c35ffc,Open gripper remains above the stationary bottle on the cabinet; no visible reacquisition or transport.,"The 0.6 blend produced little visible movement, so test 0.8 to reduce cabinet-destination conditioning while preserving some bottle-source contribution."
wine,astra_tei_revision1,200,interpolate,put the wine bottle on top of the cabinet,put the cream cheese in the bowl,0.3,,,25,25,9,101704,b9290c5d1be48272,b9290c5d1be482728aae76c85d5274e27da5efb7a83b5e65af07cd130bec0574,"Empty open gripper moves away from the bottle, which remains upright on the cabinet; reacquisition is needed.","The 0.8 blend moved the empty gripper away without the bottle, so reduce alpha to 0.3 to strengthen bottle acquisition while retaining some bowl-destination conditioning."
wine,astra_tei_revision1,225,interpolate,put the wine bottle on top of the cabinet,put the cream cheese in the bowl,0.1,,,25,25,10,113211,a59035026add641a,a59035026add641a704ad46a4161ef7e68280c3f8d984d5f7c72c1f24020409e,"Open, empty gripper descends toward the table while the bottle remains upright on the cabinet; reacquisition is needed.","The 0.3 blend has not brought the gripper back to the bottle, so test 0.1 to emphasize bottle identification during reacquisition while retaining a small bowl-destination contribution."
wine,astra_tei_revision1,250,interpolate,put the wine bottle on top of the cabinet,put the cream cheese in the bowl,0,,,25,25,11,124737,fe80e5b339e2740c,fe80e5b339e2740c0efdceb0f9317d18a810b24688f602218a423ec7a3645b13,"Empty open gripper descends over the bowl; the bottle remains upright on the cabinet, requiring reacquisition.","The 0.1 blend continued toward the bowl without the bottle, so test pure source 14 to remove competing object language during bottle reacquisition."
wine,astra_tei_revision1,275,interpolate,put the wine bottle on top of the cabinet,put the cream cheese in the bowl,0.5,,,25,25,12,136266,258cad57a15ed92c,258cad57a15ed92cd0cc0416be1c8acba500419b9699b2b02a2676f285c4e5a7,Closed gripper rises away from the bowl without visible bottle retention; the bottle remains upright on the cabinet.,"Pure source 14 produced an apparently empty lift rather than bottle reacquisition, so test an equal blend to retain bottle identity while reducing cabinet-destination conditioning."
wine,astra_tei_revision2,0,interpolate,put the wine bottle on top of the cabinet,put the cream cheese in the bowl,0.4,,,25,25,13,146848,155d5da77a31136e,155d5da77a31136e477f0a355824b752cf5b043d55c37e1975f60d14db684338,"Initial acquisition: gripper open above the table; bottle upright beside the bowl, not held.","The previous rollout carried and released the bottle onto the cabinet, so test a 0.4 bowl-destination blend from acquisition while retaining greater weight on bottle identity."
wine,astra_tei_revision2,25,interpolate,put the wine bottle on top of the cabinet,put the cream cheese in the bowl,0.4,,,25,25,14,158667,493b7d5147c26ab1,493b7d5147c26ab1380873581122860be2f53def50c1ff9463d1422034b9a984,Acquisition: open gripper descends toward the upright bottle; no grasp or lift is visible yet.,"The bottle is increasingly centered beneath the descending gripper, so retain the 0.4 blend through acquisition while preserving the bowl-destination component introduced after the prior cabinet-placement failure."
wine,astra_tei_revision2,50,interpolate,put the wine bottle on top of the cabinet,put the cream cheese in the bowl,0.4,,,25,25,15,170776,cdfb3eb7bcc4616f,cdfb3eb7bcc4616ff54fc268e9c944f30c59afe66433128eefef53f47ff80b39,"Acquisition: bottle aligned beneath the gripper, fingers beginning to close; no lift or confirmed retention yet.","The bottle remains centered as the fingers begin closing, so retain the 0.4 blend through grasp formation while maintaining bowl-destination conditioning after the prior cabinet-placement failure."
wine,astra_tei_revision2,75,interpolate,put the wine bottle on top of the cabinet,put the cream cheese in the bowl,0.65,,,23,23,16,182881,b5613f7eac5e11fb,b5613f7eac5e11fb76a38f02a26f3c6806497224961ad71d741c0fb9982c85ca,Grasp retention and early transport: bottle rises with the gripper and remains visible beneath it; bowl stays on table.,"With the bottle visibly retained during lift, increase the bowl-destination source weight from 0.4 to 0.65 to counter the cabinet transport and release seen in the failed previous rollout."
milk,astra_tei_revision2,0,interpolate,put the wine bottle on top of the cabinet,put the bowl on the plate,0.15,,,25,25,13,147274,925352154ca3e163,925352154ca3e163cb072b24cdd107a91c0ad4f6afbb621a4b5805d72cbfd1e1,Initial acquisition: gripper is open above the table; milk is upright and unheld.,"The failed rollout moved the bowl while leaving milk untouched; test stronger upright-container language from the start, reducing the plate-task contribution from 0.4 to 0.15."
milk,astra_tei_revision2,25,interpolate,put the cream cheese in the bowl,put the bowl on the plate,0.25,,,25,25,14,159113,a9b63f05475a0905,a9b63f05475a0905e6b4384fd0f8fdfdc635a7afb65e9c15d37b51ffeafb41c8,Acquisition misaligned: open gripper approaches the stove side while milk remains upright and unheld.,"Milk is drifting out of the wrist view as the gripper approaches the stove, so replace wine-bottle-dominant conditioning with a packaged-object and plate-placement blend."
milk,astra_tei_revision2,50,interpolate,put the cream cheese in the bowl,put the wine bottle on top of the cabinet,0.35,,,25,25,15,171248,6e7710b90043d21c,6e7710b90043d21c706e455b7339a65c1632873bff9ec71942e21fb3ed2acef8,"Wrong-object acquisition: fingers close at the stove-side bowl; milk remains upright and unheld, with no lift visible.","The packaged-object/plate blend continued toward the stove bowl, so replace the bowl-on-plate source with upright-container language to test recovery toward milk acquisition."
milk,astra_tei_revision2,75,interpolate,put the cream cheese in the bowl,put the wine bottle on top of the cabinet,0.65,,,25,25,16,183372,daa649535dd7a208,daa649535dd7a208dcda2147eca5daa9b56453de37da85fd15e65bd4dba20399,Acquisition recovery: open gripper rises above the stove bowl; milk remains upright and unheld.,"The gripper has withdrawn without the milk, so increase the wine-bottle contribution from 0.35 to 0.65 to test upright-container acquisition rather than continued bowl fixation."
milk,astra_tei_revision2,100,interpolate,put the cream cheese in the bowl,put the wine bottle on top of the cabinet,1.0,,,25,25,17,195490,fb6522fd64000e2e,fb6522fd64000e2e9fa88f2daa7164ed513f21fa3086081c03d1633cacb96721,Acquisition stalled: gripper reopens above the stove bowl; milk remains upright and unheld.,"The 0.65 blend repeated contact at the stove bowl without lifting milk, so test pure wine-bottle conditioning to remove the remaining bowl-destination language."
milk,astra_tei_revision2,125,interpolate,put the cream cheese in the bowl,put the bowl on the plate,0.3,,,25,25,18,207625,3a00198936c4806e,3a00198936c4806efa352d98d29649d4002136a1cf38e3787b4a19f5b8c4167c,Acquisition stalled: open gripper hovers above the stove bowl; milk remains upright and unheld.,"Pure wine-bottle conditioning left the gripper stationary over the wrong object, so test cream-cheese-dominant language with a plate-placement contribution instead of cabinet language."
milk,astra_tei_revision2,150,interpolate,put the wine bottle on top of the cabinet,put the bowl on the plate,0.2,,,25,25,19,219815,87873d718043ae8e,87873d718043ae8ed25a326c42043e50113e16f85b4cdca1be30a6200aa49095,Wrong-object acquisition: open gripper descends toward the stove bowl; milk remains upright and unheld.,"The cream-cheese blend drove further descent onto the wrong bowl, so test bottle-dominant conditioning with a smaller plate contribution than the failed prior rollout's 0.4 mix."
milk,astra_tei_revision2,175,interpolate,put the cream cheese in the bowl,put the wine bottle on top of the cabinet,0.5,,,25,25,20,231931,2e5aa5b8e5b4a12a,2e5aa5b8e5b4a12a595de9cc1d42991e6ddfa7862e2f3f226ccec15236152521,Acquisition recovery: open gripper rises empty above the stove bowl; milk remains upright on the table.,"The bottle/plate blend withdrew without acquiring milk, so test a cream-cheese/bottle blend that removes bowl-pickup language while combining packaged-object and upright-container cues."
milk,astra_tei_revision2,200,interpolate,put the cream cheese in the bowl,put the wine bottle on top of the cabinet,0.85,,,25,25,21,244048,b00b0ed62978abe9,b00b0ed62978abe979e04da552d0774f0dc306f59336447ee128fb882611923c,"Acquisition stalled: open, empty gripper hovers above the stove bowl; milk remains upright on the table.","The equal cream-cheese/bottle blend left the gripper stalled over the wrong object, so increase the bottle contribution to test stronger upright-container acquisition cues."
milk,astra_tei_revision2,225,interpolate,put the cream cheese in the bowl,put the bowl on the plate,0.25,,,25,25,22,256186,717d23a28cbef1e6,717d23a28cbef1e676df7bccd055673c6ae9a831ee92e9e896328a0494d58fed,"Acquisition stalled: open, empty gripper remains above the stove bowl; milk is upright and unheld.","Bottle-dominant conditioning has not redirected acquisition, so test cream-cheese-dominant language with a smaller plate-placement contribution instead of cabinet-placement cues."
milk,astra_tei_revision2,250,interpolate,put the cream cheese in the bowl,put the wine bottle on top of the cabinet,0.15,,,25,25,23,268366,69acb6da1e54bbd0,69acb6da1e54bbd00ed4863c6cb6980738805c656f3503220e8f5cff3ec57d2c,"Acquisition stalled: open, empty gripper remains over the stove bowl; milk is upright and unheld.","The cream-cheese/plate blend left acquisition stalled at the wrong object, so test a packaged-object-dominant blend with a small bottle contribution instead of bowl-pickup language."
milk,astra_tei_revision2,275,interpolate,put the cream cheese in the bowl,put the wine bottle on top of the cabinet,0.6,,,25,25,24,280505,497cee42e60c2219,497cee42e60c2219d395bc39301c7369ca360c3e93b6b8889c0d9107fc8e1df3,"Acquisition stalled: open, empty gripper rises above the stove bowl while the milk remains upright on the table.","The cream-cheese-dominant blend has not redirected the empty gripper toward milk, so increase the bottle contribution from 0.15 to 0.6 to test upright-container acquisition."
milk,astra_tli_revision1,0,interpolate,put the wine bottle on top of the cabinet,put the bowl on top of the cabinet,0.25,,,25,25,1,9987,876fcce9c421eb18,876fcce9c421eb187ac43e9d7641167518f99285dfa0168ce2ce6353c291dfdb,"Initial acquisition; open gripper above table, milk carton ungrasped.",The baseline moved a bowl onto the plate while leaving the milk untouched; a moderate wine-bottle-minus-bowl residual tests object selection while contrasting sources with the same destination.
milk,astra_tli_revision1,25,interpolate,put the wine bottle on top of the cabinet,put the bowl on top of the cabinet,0.25,,,25,25,2,21172,4bcb369c28162ec9,4bcb369c28162ec9249f3e9de790a468714099e65a331fe15822ea97c16c2bae,"Acquisition approach; open gripper descending toward the milk carton, with no grasp or lift yet visible.","The milk remains centered in the wrist view as the gripper descends rather than approaching a bowl, supporting retention of the current wine-bottle-minus-bowl residual."
milk,astra_tli_revision1,50,interpolate,put the wine bottle on top of the cabinet,put the bowl on top of the cabinet,0.25,,,25,25,3,32623,f66422bddf63a32c,f66422bddf63a32c464facabd10d20890d8cfea4181fd3b2a3342c40e1aa68eb,Grasp retention and initial lift; milk stays between the fingers as the end effector rises.,"The carton rises with the gripper and remains stable in the wrist view, supporting retention of the residual that redirected acquisition from the baseline's bowl to milk."
milk,astra_tli_revision1,75,interpolate,put the wine bottle on top of the cabinet,put the bowl on top of the cabinet,0.25,,,25,25,4,44076,4c5bc39604910452,4c5bc3960491045297818c0576b06701fecbb1d4ac5291a89c96e6b694c637f8,"Transport with retained grasp; the elevated milk moves toward the plate side, with no release visible.","The milk remains stable between the fingers while the plate moves closer in the wrist view, supporting retention of the residual that avoided the baseline's wrong-object pickup."
milk,astra_tli_revision1,100,interpolate,put the bowl on the plate,put the bowl on the stove,0.25,,,20,20,5,55559,1ab2e63257bff23f,1ab2e63257bff23fbe7857312fd87e85be5c3470472b5c24b9ca6583811d8c2e,Milk remains gripped but is descending over the stove area; the plate is still offset.,"Unlike the baseline's bowl pickup, milk is retained, but descent is occurring over the stove, motivating a plate-versus-stove residual to test destination correction."
cabinet,astra_vei_revision1,0,native,,,,,,25,0,1,10536,cd4750c8ea38722c,cd4750c8ea38722c9fb021fb3b8133de55363b6f2c5b06d6f2cf31cd096c40fe,"Pre-acquisition: open gripper above the table, with the center bowl resting on the tabletop.","The current scene matches the successful native baseline's initial view, so retain native conditioning for bowl acquisition without introducing donor-layout mismatch."
cabinet,astra_vei_revision1,25,native,,,,,,25,0,2,22308,2d18fb27c2f97f9f,2d18fb27c2f97f9fa7cc9fb26bbce18e7015f476d5a9b7283918d2bf15f39120,"Acquisition approach: open gripper descending toward the center bowl, which remains on the table.","The live views show continued alignment and descent toward the bowl with no visible acquisition failure, so retain native conditioning consistent with the successful completed baseline."
cabinet,astra_vei_revision1,50,native,,,,,,25,0,3,34325,95adf25a790fec98,95adf25a790fec98ccac4a27e569aba51d21246a6712f8f1156089d0c6c3cbc8,Grasp retention and lift: the bowl rises with the gripper and remains visible against the fingers in the wrist view.,"The bowl moves upward with the gripper across recent frames without visible slipping, so retain native conditioning for transport, consistent with the successful completed baseline."
cabinet,astra_vei_revision1,75,interpolate,,,,std18-e398-f74,0.35,25,25,4,46415,522d7effbcdf1077,522d7effbcdf1077027600d80d8e77f2458c05537fef444b6e2e77b370820deb,"Grasp retained during transport, but the bowl is moving over the stove and away from the cabinet.","Unlike the successful baseline's cabinetward transport, recent live frames show leftward drift, so test a moderate cabinet-transport donor blend while preserving most live visual content."
cabinet,astra_vei_revision1,100,interpolate,,,,std18-e398-f74,0.55,25,25,5,58539,c27ab4a68b62874a,c27ab4a68b62874ab480ce4d2c79356bf9b9afe6e1b7f5e63c592036c12cc479,"Bowl lowered onto the plate rather than the cabinet; fingers have begun opening, so retention is uncertain.","The 0.35 blend did not prevent descent onto the plate, so increase the cabinet-transport donor weight to 0.55 while retaining live visual content for recovery."
cabinet,astra_vei_revision1,125,interpolate,,,,std18-e398-f74,0.55,25,25,6,70646,e8fb81f607522eb2,e8fb81f607522eb29c372e992fa23bc091ca672236cabec18bb0b8f34baf0f70,"Bowl retained during renewed transport, moving upward and rightward away from the plate toward the cabinet.","The bowl moves with the gripper across recent frames while the plate recedes, so retain the 0.55 cabinet-transport blend that accompanied this recovery."
cabinet,astra_vei_revision1,150,interpolate,,,,std18-e398-f74,0.3,25,25,7,82840,5441d7e463b940f8,5441d7e463b940f87a867c9ec27ae2d322343b74957fde8300cf8471357f4cb2,Bowl remains with the gripper during rightward transport near the cabinet edge; no release is visible.,"The bowl is approaching the cabinet but its top is absent from the wrist view, so reduce the transport blend to preserve more live geometry for alignment."
cabinet,astra_vei_revision1,175,native,,,,,,25,0,8,94972,53a0831b62d8b8e4,53a0831b62d8b8e46e9feae8821c8fee94aa528aa12914af5c46106cd7ec4e02,"Grasp lost: the bowl is on the table beside the cabinet, visibly separated from the raised gripper.","The bowl dropped between steps 165 and 170, so remove the transport donor and restore full live vision for reacquisition at its displaced location."
cabinet,astra_vei_revision1,200,native,,,,,,25,0,9,107070,208fc2f245137e55,208fc2f245137e552393a4a0deea313d3d1fc7f08583c68654c224e396e47f62,Reacquisition: open gripper has descended toward the dropped bowl beside the cabinet; no retained grasp is visible.,"Native conditioning brought the gripper down toward the displaced bowl, so retain live geometry for grasp alignment rather than reintroducing the transport donor."
cabinet,astra_vei_revision1,225,interpolate,,,,std38-e1283-f34,0.2,25,25,10,119153,5bfc200a9286f564,5bfc200a9286f56424ef9917b696b66ac5d95607cfa1a50a11eb5d231aa2ddcc,"Reacquisition stalled: the gripper remains open above the dropped bowl, with little movement across steps 210–225.","Test a weak bowl-acquisition donor after native recovery stalled, preserving most live geometry because the dropped bowl is now beside the cabinet."
cabinet,astra_vei_revision1,250,interpolate,,,,std18-e398-f25,0.35,25,25,11,131269,5e55ab4af2309fae,5e55ab4af2309faea1edd4d24db4a0897763ae8987d32f2f873ab5e1e8a457ae,"Reacquisition stalled: open fingers remain above the bowl resting beside the cabinet, without visible lifting.","The previous acquisition blend produced little movement, so test the cabinet-task approach donor at moderate strength while retaining most live visual geometry."
cabinet,astra_vei_revision1,275,interpolate,,,,std18-e398-f25,0.55,25,25,12,143408,1355d036827b2ac8,1355d036827b2ac83e244738cf548f75a8ccb310d5b2b3da90788b62e62f7781,"Reacquisition remains stalled: open fingers hover above the bowl beside the cabinet, with no visible lift.","The 0.35 acquisition blend left the gripper nearly stationary across steps 260–275, so test stronger weighting of the same approach donor while retaining live visual content."
cabinet,astra_vli_revision1,0,native,,,,,,25,0,1,10534,4943d025599d62d7,4943d025599d62d7e6273bc09a23c7a0e933d66a208226effa04e1cb8f029a6c,Pre-acquisition: open gripper above the table; center bowl remains on the tabletop.,"The current scene matches the successful native baseline's initial view, so retain native conditioning for the approach to the center bowl."
cabinet,astra_vli_revision1,25,native,,,,,,25,0,2,22294,8c3061d1b726577d,8c3061d1b726577dae96b81b1363c29f15bef0d0d27dc9855038e7fbc381ea18,"Acquisition approach: open fingers descend toward the center bowl, which remains on the table.","The live views show continued alignment and descent toward the center bowl, consistent with the successful native baseline's approach, so retain native conditioning."
cabinet,astra_vli_revision1,50,native,,,,,,25,0,3,34300,aa000d47ee295c6b,aa000d47ee295c6b600461fdd2f2fbeb73159eab40f7beea20eff7ffe756cdce,Grasp retention and lift: the center bowl rises with the gripper and remains visible in the wrist view.,"The bowl moves upward with the gripper across recent frames without visible slipping, so retain native conditioning for transport, consistent with the successful completed baseline."
cabinet,astra_vli_revision1,75,interpolate,,,,std18-e398-f74,0.3,25,25,4,46370,03fb008a287ece31,03fb008a287ece3173d1062417b8bb8adb71a2fb7bc56ec522e5433548cea3ca,"Grasp retained during transport, but the bowl is moving over the stove rather than toward the cabinet.","Unlike the successful baseline's cabinet approach, recent views show leftward transport over the stove, so test a moderate cabinet-transport donor blend while preserving most live vision."
cabinet,astra_vli_revision1,100,interpolate,,,,std18-e398-f74,0.3,25,25,5,58412,5b807dda180d934b,5b807dda180d934b613dee764deff5c84efd77d352cb67e19140ce078a93ae14,Grasp retained during transport toward the cabinet; the bowl remains suspended beside its near edge.,"The bowl stays aligned with the gripper while moving rightward from the stove toward the cabinet, so retain the current cabinet-transport blend without advancing to a release donor."
